N° bon de pesée;N° bon pesée tare;Date du bon;Immatriculation;Nom recherche Producteur;Nom recherche Transporteur;Nom du Transporteur;Dossier page 2;N° adresse de service;Ville de l'adresse de service;Code déchet;Description déchet;Quantité nette;Quantité brute;Tare;Pourcentage contamination;Code déchet contaminant;Description déchet contaminant;Humidité;
PRC595890;PRC595895;02/03/2026;FS710DA;BOR04378;K043-TRA;SUEZ RV Ile-de-France-OUEST-Transporteur;;PESEE-001;PORCHEVILLE;A100ST.  ;Déchets non recyclables en mélange Non incinérables;1360;20180;18820;0;;;0;
PRC595898;PRC595904;02/03/2026;FJ611EM K0E;KB NEANE;K0EKBNEG;KB NEGOCE;K047001585;SUEPOR001;PORCHEVILLE;A100ST.  ;Déchets non recyclables en mélange Non incinérables;3020;17580;14560;0;XV14  .  ;Déchets interdits à réception des déchets en mélange;0;
PRC595909;;02/03/2026;GC010PQ K0E;PESEE47;K0EVSI;VSI;K047000415;PESLEV001;LEVALLOIS PERRET CEDEX;Z200  .  ;Pesée publique;520;3400;2880;0;;;0;
PRC595920;PRC595925;02/03/2026;GM258BT;PINTAAUB;K043-TRA;SUEZ RV Ile-de-France-OUEST-Transporteur;;PINAUB001;AUBERGENVILLE;A100ST.  ;Déchets non recyclables en mélange Non incinérables;1960;16900;14940;0;XV14  .  ;Déchets interdits à réception des déchets en mélange;0;
PRC595924;PRC595926;02/03/2026;GC010PQ K0E;VALORG47;K0EVSI;VSI;K047001651;CTREPOR001;PORCHEVILLE;A100ST.  ;Déchets non recyclables en mélange Non incinérables;160;2740;2580;0;XV14  .  ;Déchets interdits à réception des déchets en mélange;0;
PRC595936;PRC595941;02/03/2026;DH266PE K0E;CARDK047;K0ECARDE;CARDEM;K047001673;CENTRETRI;PORCHEVILLE;A100ST.  ;Déchets non recyclables en mélange Non incinérables;5180;19500;14320;0;XV14  .  ;Déchets interdits à réception des déchets en mélange;0;
PRC596381;PRC596384;05/03/2026;ES664YV K0E;GPSEOAUB;K0ESOTRE;SOTREMA;K047001381;CTCAUBER001;AUBERGENVILLE;A100ST.  ;Déchets non recyclables en mélange Non incinérables;1280;14280;13000;0;XV14  .  ;Déchets interdits à réception des déchets en mélange;0;
PRC595959;;02/03/2026;GZ654RV;FRANCLIM;K043-TRA;SUEZ RV Ile-de-France-OUEST-Transporteur;;FRALIM001;LIMAY;A100ST.  ;Déchets non recyclables en mélange Non incinérables;9520;25340;15820;0;;;0;
PRC595964;;02/03/2026;GM258BT;PINTAAUB;K043-TRA;SUEZ RV Ile-de-France-OUEST-Transporteur;;PINAUB001;AUBERGENVILLE;A100ST.  ;Déchets non recyclables en mélange Non incinérables;3140;19020;15880;0;;;0;
PRC595969;PRC595969;02/03/2026;GC010PQ K0E;VALORG47;K0EVSI;VSI;K047001651;CTREPOR001;PORCHEVILLE;A100ST.  ;Déchets non recyclables en mélange Non incinérables;100;3380;3280;0;;;0;
PRC595978;PRC595980;02/03/2026;GM345XQ;SICAETAC;K043-TRA;SUEZ RV Ile-de-France-OUEST-Transporteur;;SICTAC001;TACOIGNIERES;A100ST.  ;Déchets non recyclables en mélange Non incinérables;2280;16860;14580;0;XV14  .  ;Déchets interdits à réception des déchets en mélange;0;
PRC595979;;02/03/2026;GM258BT;GENDALIM;K043-TRA;SUEZ RV Ile-de-France-OUEST-Transporteur;;GENLIM001;LIMAY;A100ST.  ;Déchets non recyclables en mélange Non incinérables;2000;16420;14420;100;XV14  .  ;Déchets interdits à réception des déchets en mélange;0;
PRC595987;PRC595993;03/03/2026;HJ125FT K0E;VALORG47;K0EVSI;VSI;K047001651;CTREPOR001;PORCHEVILLE;A100ST.  ;Déchets non recyclables en mélange Non incinérables;2000;15900;13900;0;XV14  .  ;Déchets interdits à réception des déchets en mélange;0;
PRC596002;;03/03/2026;GN075KS;ALKERLIM;K043-TRA;SUEZ RV Ile-de-France-OUEST-Transporteur;;ALKLIM001;LIMAY;A100ST.  ;Déchets non recyclables en mélange Non incinérables;3400;18300;14900;0;;;0;
PRC596006;PRC596016;03/03/2026;FS275DA;BOR04378;K043-TRA;SUEZ RV Ile-de-France-OUEST-Transporteur;;PESEE-001;PORCHEVILLE;A100ST.  ;Déchets non recyclables en mélange Non incinérables;2260;21020;18760;0;;;0;
PRC596024;PRC596025;03/03/2026;DC239FL K0E;CDK47;K0ECDK;CDK;K047001268;CDKLIM001;LIMAY;A100ST.  ;Déchets non recyclables en mélange Non incinérables;40;2900;2860;0;XV14  .  ;Déchets interdits à réception des déchets en mélange;0;
;;;;;;;;;;;;1280;;;;;;;
PRC596053;PRC596059;03/03/2026;FB578JE K0E;GPSEOAUB;K0ESOTRE;SOTREMA;K047001382;CTCBUC001;BUCHELAY;A100ST.  ;Déchets non recyclables en mélange Non incinérables;2480;15300;12820;0;XV14  .  ;Déchets interdits à réception des déchets en mélange;0;
PRC596054;PRC596061;03/03/2026;DK993JT K0E;PEREIR47;K0EPEREI;PEREIRA TRANSPORTS;K047000901;TRALIM001;LIMAY;A100ST.  ;Déchets non recyclables en mélange Non incinérables;180;3140;2960;0;XV14  .  ;Déchets interdits à réception des déchets en mélange;0;
PRC596067;PRC596079;03/03/2026;BS892YR K0E;PEREIR47;K0EPEREI;PEREIRA TRANSPORTS;K047000901;TRALIM001;LIMAY;A100ST.  ;Déchets non recyclables en mélange Non incinérables;140;3040;2900;0;XV14  .  ;Déchets interdits à réception des déchets en mélange;0;
PRC596075;;03/03/2026;FX859ZS;SIVEORGE;K043-TRA;SUEZ RV Ile-de-France-OUEST-Transporteur;;SIVLIM;LIMAY;A200  .  ;Déchets recyclables en mélange;20;1560;1540;0;;;0;
PRC596076;;03/03/2026;FX859ZS;MCSOCHAM;K043-TRA;SUEZ RV Ile-de-France-OUEST-Transporteur;;MCDCHAM001;CHAMBOURCY;A200  .  ;Déchets recyclables en mélange;20;1520;1500;0;;;0;
PRC596088;;03/03/2026;FS275DA;BOR04378;K043-TRA;SUEZ RV Ile-de-France-OUEST-Transporteur;;PESEE-001;PORCHEVILLE;A100ST.  ;Déchets non recyclables en mélange Non incinérables;2280;21040;18760;0;;;0;
PRC596094;PRC596105;03/03/2026;SST-DA509HX;FERMAGUI;K043-TRA;SUEZ RV Ile-de-France-OUEST-Transporteur;;FERGUI001;GUITRANCOURT;A100ST.  ;Déchets non recyclables en mélange Non incinérables;1360;14320;12960;0;XV14  .  ;Déchets interdits à réception des déchets en mélange;0;
PRC596109;;03/03/2026;GM258BT;LOCALAB;K043-TRA;SUEZ RV Ile-de-France-OUEST-Transporteur;;LOCEPO001;EPONE;A100ST.  ;Déchets non recyclables en mélange Non incinérables;5120;20400;15280;0;;;0;
PRC596110;PRC596116;03/03/2026;GM345XQ;URBYNPAR;K043-TRA;SUEZ RV Ile-de-France-OUEST-Transporteur;;URBCOI001;COIGNIERES;A100ST.  ;Déchets non recyclables en mélange Non incinérables;6660;21680;15020;5;XV14  .  ;Déchets interdits à réception des déchets en mélange;0;
PRC596111;PRC596113;03/03/2026;SST-DA509HX;PINTAAUB;K043-TRA;SUEZ RV Ile-de-France-OUEST-Transporteur;;PINAUB001;AUBERGENVILLE;A100ST.  ;Déchets non recyclables en mélange Non incinérables;2980;16720;13740;0;XV14  .  ;Déchets interdits à réception des déchets en mélange;0;
;;;;;;;;;;;;2480;;;;;;;
PRC596169;PRC596172;04/03/2026;GZ534BG K0E;GPSEOAUB;K0ESOTRE;SOTREMA;K047001383;CTCCONFLANS;CONFLANS STE HONORINE;A100ST.  ;Déchets non recyclables en mélange Non incinérables;4060;17760;13700;0;XV14  .  ;Déchets interdits à réception des déchets en mélange;0;
PRC596119;PRC596121;03/03/2026;DH266PE K0E;CARDK047;K0ECARDE;CARDEM;K047001673;CENTRETRI;PORCHEVILLE;A100ST.  ;Déchets non recyclables en mélange Non incinérables;1020;15120;14100;0;XV14  .  ;Déchets interdits à réception des déchets en mélange;0;
PRC596125;PRC596126;03/03/2026;GC010PQ K0E;VALORG47;K0EVSI;VSI;K047001651;CTREPOR001;PORCHEVILLE;A100ST.  ;Déchets non recyclables en mélange Non incinérables;80;3200;3120;0;XV14  .  ;Déchets interdits à réception des déchets en mélange;0;
PRC596130;PRC596134;03/03/2026;DT413EZ K0E;APTIMA47;K0EAPTIM;APTIMA;K047001337;CENPOR001;PORCHEVILLE;A100ST.  ;Déchets non recyclables en mélange Non incinérables;1020;4440;3420;0;XV14  .  ;Déchets interdits à réception des déchets en mélange;0;
PRC596144;PRC596149;03/03/2026;GN964XC;SITASFLI;K043-TRA;SUEZ RV Ile-de-France-OUEST-Transporteur;;RENFLI002;AUBERGENVILLE;A100ST.  ;Déchets non recyclables en mélange Non incinérables;1800;16860;15060;0;XV14  .  ;Déchets interdits à réception des déchets en mélange;0;
PRC596148;PRC596150;03/03/2026;SST-DA509HX;TMFOPLIM;K043-TRA;SUEZ RV Ile-de-France-OUEST-Transporteur;;TMFLIM001;LIMAY;A100ST.  ;Déchets non recyclables en mélange Non incinérables;5420;19280;13860;0;XV14  .  ;Déchets interdits à réception des déchets en mélange;0;
PRC596157;PRC596159;04/03/2026;GZ654RV;KALHYIVR;K043-TRA;SUEZ RV Ile-de-France-OUEST-Transporteur;;KALLES001;LES MUREAUX;A100ST.  ;Déchets non recyclables en mélange Non incinérables;4720;20700;15980;0;XV14  .  ;Déchets interdits à réception des déchets en mélange;0;
;;;;;;;;;;;;4060;;;;;;;
PRC596028;PRC596034;03/03/2026;FG254YJ K0E;GPSEOAUB;K0ESOTRE;SOTREMA;K047001475;CTCMUREAUX;LES MUREAUX;A100ST.  ;Déchets non recyclables en mélange Non incinérables;3040;17040;14000;0;XV14  .  ;Déchets interdits à réception des déchets en mélange;0;
;;;;;;;;;;;;3040;;;;;;;
PRC596003;PRC596005;03/03/2026;FB578JE K0E;GPSEOAUB;K0ESOTRE;SOTREMA;K047001387;CTCPOISSY;POISSY;A100ST.  ;Déchets non recyclables en mélange Non incinérables;1260;14080;12820;0;XV14  .  ;Déchets interdits à réception des déchets en mélange;0;
PRC596204;PRC596212;04/03/2026;GN075KS;FRANCLIM;K043-TRA;SUEZ RV Ile-de-France-OUEST-Transporteur;;FRALIM001;LIMAY;A100ST.  ;Déchets non recyclables en mélange Non incinérables;6680;21900;15220;0;XV14  .  ;Déchets interdits à réception des déchets en mélange;0;
PRC596216;PRC596218;04/03/2026;GC010PQ K0E;VALORG47;K0EVSI;VSI;K047001651;CTREPOR001;PORCHEVILLE;A100ST.  ;Déchets non recyclables en mélange Non incinérables;60;2720;2660;0;XV14  .  ;Déchets interdits à réception des déchets en mélange;0;
PRC596217;PRC596221;04/03/2026;FJ946YZ K0E;BINEK047;K0EBINET;BINET TRAVAUX PUBLICS;K047001333;CENPOR001;PORCHEVILLE;A100ST.  ;Déchets non recyclables en mélange Non incinérables;6460;23920;17460;0;XV14  .  ;Déchets interdits à réception des déchets en mélange;0;
PRC596223;PRC596225;04/03/2026;GN075KS;FRANCLIM;K043-TRA;SUEZ RV Ile-de-France-OUEST-Transporteur;;FRALIM001;LIMAY;A100ST.  ;Déchets non recyclables en mélange Non incinérables;5520;20580;15060;0;XV14  .  ;Déchets interdits à réception des déchets en mélange;0;
PRC596236;PRC596237;04/03/2026;EP251FJ K0E;INTEK047;K0EINTER;INTERTRANS;K047001328;INTPAN001;PANTIN;A100ST.  ;Déchets non recyclables en mélange Non incinérables;5040;17540;12500;0;XV14  .  ;Déchets interdits à réception des déchets en mélange;0;
PRC596243;PRC596246;04/03/2026;FS710DA;BOR04378;K043-TRA;SUEZ RV Ile-de-France-OUEST-Transporteur;;PESEE-001;PORCHEVILLE;A100ST.  ;Déchets non recyclables en mélange Non incinérables;3280;22080;18800;0;;;0;
PRC596255;PRC596256;04/03/2026;GC010PQ K0E;VALORG47;K0EVSI;VSI;K047001651;CTREPOR001;PORCHEVILLE;A100ST.  ;Déchets non recyclables en mélange Non incinérables;20;2700;2680;0;XV14  .  ;Déchets interdits à réception des déchets en mélange;0;
PRC596261;;04/03/2026;GZ654RV;ETANCAUB;K043-TRA;SUEZ RV Ile-de-France-OUEST-Transporteur;;ETAAUB001;AUBERGENVILLE;F101  .  ;Platinages;11300;27080;15780;0;;;0;
PRC596262;;04/03/2026;GM258BT;LINXEMAN;K043-TRA;SUEZ RV Ile-de-France-OUEST-Transporteur;;LINMAN001;MANTES LA JOLIE;A100ST.  ;Déchets non recyclables en mélange Non incinérables;7300;23180;15880;0;;;0;
PRC596270;PRC596272;04/03/2026;CK089AC K0E;IPRENO47;K0EIPREN;IP RENOV;K047001329;TRIPORCH001;PORCHEVILLE;A100ST.  ;Déchets non recyclables en mélange Non incinérables;180;2520;2340;0;XV14  .  ;Déchets interdits à réception des déchets en mélange;0;
PRC596289;PRC596291;05/03/2026;GT451EL;TAS04378;K043-TRA;SUEZ RV Ile-de-France-OUEST-Transporteur;;PESEE-001;PORCHEVILLE;A100ST.  ;Déchets non recyclables en mélange Non incinérables;2520;20360;17840;0;;;0;
PRC596295;PRC596297;05/03/2026;FS710DA;BOR04378;K043-TRA;SUEZ RV Ile-de-France-OUEST-Transporteur;;PESEE-001;PORCHEVILLE;A100ST.  ;Déchets non recyclables en mélange Non incinérables;2000;20820;18820;0;;;0;
PRC596304;PRC596305;05/03/2026;DA334VF K0E;SETEPH47;K0ESGARD;SGARDEN;K047001666;CENPOR001;PORCHEVILLE;H100  .  ;Déchets verts;520;4180;3660;0;A101  .  ;Refus de tri à réception (requalification);0;
PRC596306;PRC596310;05/03/2026;SST-DA509HX;CHANTBON;K043-TRA;SUEZ RV Ile-de-France-OUEST-Transporteur;;CHABON001;BONNIERES SUR SEINE;A100ST.  ;Déchets non recyclables en mélange Non incinérables;2520;16220;13700;0;XV14  .  ;Déchets interdits à réception des déchets en mélange;0;
PRC596307;PRC596314;05/03/2026;HJ125FT K0E;VALORG47;K0EVSI;VSI;K047001651;CTREPOR001;PORCHEVILLE;A100ST.  ;Déchets non recyclables en mélange Non incinérables;1080;15060;13980;0;A101  .  ;Refus de tri à réception (requalification);0;
PRC596325;PRC596329;05/03/2026;AM655WF K0E;PESEE47;K0E3GTRA;TRANSPORT 3G;K047000415;PESLEV001;LEVALLOIS PERRET CEDEX;Z200  .  ;Pesée publique;1460;12720;11260;0;;;0;
PRC596346;;05/03/2026;DA334VF K0E;SETEPH47;K0ESGARD;SGARDEN;K047001666;CENPOR001;PORCHEVILLE;H100  .  ;Déchets verts;1060;3940;2880;0;;;0;
PRC596359;PRC596364;05/03/2026;FS710DA;BOR04378;K043-TRA;SUEZ RV Ile-de-France-OUEST-Transporteur;;PESEE-001;PORCHEVILLE;A100ST.  ;Déchets non recyclables en mélange Non incinérables;740;19520;18780;0;;;0;
PRC596372;PRC596377;05/03/2026;SST-DA509HX;SATECMAN;K043-TRA;SUEZ RV Ile-de-France-OUEST-Transporteur;;SATMAN001;MANTES LA JOLIE;A100ST.  ;Déchets non recyclables en mélange Non incinérables;1420;13900;12480;0;XV14  .  ;Déchets interdits à réception des déchets en mélange;0;
PRC596390;;05/03/2026;GC010PQ K0E;VALORG47;K0EVSI;VSI;K047001651;CTREPOR001;PORCHEVILLE;A100ST.  ;Déchets non recyclables en mélange Non incinérables;20;3140;3120;0;;;0;
PRC596402;PRC596403;05/03/2026;EY378JG K0E;APTIMA47;K0EAPTIM;APTIMA;K047001337;CENPOR001;PORCHEVILLE;A100ST.  ;Déchets non recyclables en mélange Non incinérables;1040;4120;3080;0;XV14  .  ;Déchets interdits à réception des déchets en mélange;0;
PRC596419;PRC596430;06/03/2026;SST-DA509HX;K043-CLT;K043-TRA;SUEZ RV Ile-de-France-OUEST-Transporteur;;;;A200  .  ;Déchets recyclables en mélange;0;13380;13380;0;A101  .  ;Refus de tri à réception (requalification);0;
PRC596459;PRC596466;06/03/2026;GN075KS;DEGRERUE;K043-TRA;SUEZ RV Ile-de-France-OUEST-Transporteur;;DEGSAI001;ST GERMAIN EN LAYE;A100IN.  ;Déchets non recyclables en mélange incinérables;5920;20800;14880;0;XV14  .  ;Déchets interdits à réception des déchets en mélange;0;
PRC596046;PRC596047;03/03/2026;FB578JE K0E;GPSEOAUB;K0ESOTRE;SOTREMA;K047001387;CTCPOISSY;POISSY;A100ST.  ;Déchets non recyclables en mélange Non incinérables;620;15520;14900;0;XV14  .  ;Déchets interdits à réception des déchets en mélange;0;
PRC596469;PRC596471;06/03/2026;DH266PE K0E;CARDK047;K0ECARDE;CARDEM;K047001673;CENTRETRI;PORCHEVILLE;A100ST.  ;Déchets non recyclables en mélange Non incinérables;3540;17680;14140;0;XV14  .  ;Déchets interdits à réception des déchets en mélange;0;
PRC596476;PRC596478;06/03/2026;FS710DA;BOR04378;K043-TRA;SUEZ RV Ile-de-France-OUEST-Transporteur;;PESEE-001;PORCHEVILLE;A100ST.  ;Déchets non recyclables en mélange Non incinérables;1920;20700;18780;0;;;0;
PRC596479;PRC596483;06/03/2026;EP251FJ K0E;INTEK047;K0EINTER;INTERTRANS;K047001328;INTPAN001;PANTIN;A100ST.  ;Déchets non recyclables en mélange Non incinérables;1480;12940;11460;0;XV14  .  ;Déchets interdits à réception des déchets en mélange;0;
PRC596490;;06/03/2026;GC010PQ K0E;VALORG47;K0EVSI;VSI;K047001651;CTREPOR001;PORCHEVILLE;A100ST.  ;Déchets non recyclables en mélange Non incinérables;280;3140;2860;0;;;0;
PRC596492;;06/03/2026;GC010PQ K0E;VALORG47;K0EVSI;VSI;K047001651;CTREPOR001;PORCHEVILLE;A100ST.  ;Déchets non recyclables en mélange Non incinérables;20;3340;3320;0;;;0;
PRC596496;;06/03/2026;GC010PQ K0E;PESEE47;K0EVSI;VSI;K047000415;PESLEV001;LEVALLOIS PERRET CEDEX;Z200  .  ;Pesée publique;180;2800;2620;0;;;0;
PRC596498;;06/03/2026;GN075KS;DEGRERUE;K043-TRA;SUEZ RV Ile-de-France-OUEST-Transporteur;;DEGSAI001;ST GERMAIN EN LAYE;A100IN.  ;Déchets non recyclables en mélange incinérables;6040;21780;15740;20;XV14  .  ;Déchets interdits à réception des déchets en mélange;0;
PRC596510;PRC596511;06/03/2026;GN075KS;IMPLULIM;K043-TRA;SUEZ RV Ile-de-France-OUEST-Transporteur;;IMPLIM003;LIMAY;A100ST.  ;Déchets non recyclables en mélange Non incinérables;360;14460;14100;0;XV14  .  ;Déchets interdits à réception des déchets en mélange;0;
PRC596513;PRC596516;06/03/2026;GN153WY;IMPLULIM;K043-TRA;SUEZ RV Ile-de-France-OUEST-Transporteur;;IMPLIM001;LIMAY;A100ST.  ;Déchets non recyclables en mélange Non incinérables;300;14440;14140;0;XV14  .  ;Déchets interdits à réception des déchets en mélange;0;
PRC596514;PRC596518;06/03/2026;SST-DA509HX;SUEZTHI;K043-TRA;SUEZ RV Ile-de-France-OUEST-Transporteur;;SUETHI001;THIVERVAL GRIGNON;A100ST.  ;Déchets non recyclables en mélange Non incinérables;1820;14400;12580;0;XV14  .  ;Déchets interdits à réception des déchets en mélange;0;
PRC596521;PRC596524;06/03/2026;GN153WY;FRANCLIM;K043-TRA;SUEZ RV Ile-de-France-OUEST-Transporteur;;FRALIM001;LIMAY;A100ST.  ;Déchets non recyclables en mélange Non incinérables;9180;24380;15200;0;XV14  .  ;Déchets interdits à réception des déchets en mélange;0;
PRC596546;;07/03/2026;GN075KS;CUISIMAN;K043-TRA;SUEZ RV Ile-de-France-OUEST-Transporteur;;CUIMAN001;MANTES LA JOLIE;A100ST.  ;Déchets non recyclables en mélange Non incinérables;900;15460;14560;0;;;0;
;;;;;;;;;;;;1880;;;;;;;
PRC595901;PRC595905;02/03/2026;FB578JE K0E;GPSEOAUB;K0ESOTRE;SOTREMA;K047001374;DECEPO001;EPONE;A100ST.  ;Déchets non recyclables en mélange Non incinérables;4040;17680;13640;0;XV14  .  ;Déchets interdits à réception des déchets en mélange;0;
PRC596482;PRC596487;06/03/2026;EZ038NH K0E;GPSEOAUB;K0ESOTRE;SOTREMA;K047001374;DECEPO001;EPONE;A100ST.  ;Déchets non recyclables en mélange Non incinérables;3140;17060;13920;0;XV14  .  ;Déchets interdits à réception des déchets en mélange;0;
;;;;;;;;;;;;7180;;;;;;;
PRC596455;PRC596458;06/03/2026;EZ038NH K0E;GPSEOAUB;K0ESOTRE;SOTREMA;K047001401;DECEPO001;EPONE;B104  .  ;Carton, CCR;372;14612;14240;0;A101  .  ;Refus de tri à réception (requalification);28;400
;;;;;;;;;;;;372;;;;;;;400
PRC596500;;06/03/2026;ES664YV K0E;GPSEOAUB;K0ESOTRE;SOTREMA;K047001411;DECEPO001;EPONE;F101  .  ;Platinages;1860;15220;13360;0;;;0;
;;;;;;;;;;;;1860;;;;;;;
PRC595877;PRC595883;02/03/2026;FB578JE K0E;GPSEOAUB;K0ESOTRE;SOTREMA;K047001391;DECEPO001;EPONE;H101  .  ;Déchets verts compostables;3720;17860;14140;0;A101  .  ;Refus de tri à réception (requalification);0;
PRC596504;PRC596507;06/03/2026;EZ038NH K0E;GPSEOAUB;K0ESOTRE;SOTREMA;K047001391;DECEPO001;EPONE;H101  .  ;Déchets verts compostables;3040;16560;13520;0;A101  .  ;Refus de tri à réception (requalification);0;
PRC596532;;07/03/2026;EB031ZC K0E;GPSEOAUB;K0ESOTRE;SOTREMA;K047001391;DECEPO001;EPONE;H101  .  ;Déchets verts compostables;2900;16920;14020;0;;;0;
;;;;;;;;;;;;9660;;;;;;;
PRC595931;PRC595934;02/03/2026;FB578JE K0E;GPSEOAUB;K0ESOTRE;SOTREMA;K047001375;DECGAR001;GARGENVILLE;A100ST.  ;Déchets non recyclables en mélange Non incinérables;4660;18100;13440;0;XV14  .  ;Déchets interdits à réception des déchets en mélange;0;
PRC595933;PRC595938;02/03/2026;FG254YJ K0E;GPSEOAUB;K0ESOTRE;SOTREMA;K047001375;DECGAR001;GARGENVILLE;A100ST.  ;Déchets non recyclables en mélange Non incinérables;3320;16800;13480;0;XV14  .  ;Déchets interdits à réception des déchets en mélange;0;
PRC595865;PRC595868;02/03/2026;GZ654RV;RESAHMAN;K043-TRA;SUEZ RV Ile-de-France-OUEST-Transporteur;;HOSQUE001;MANTES LA JOLIE;A100ST.  ;Déchets non recyclables en mélange Non incinérables;5940;24500;18560;0;;;0;
PRC595866;PRC595867;02/03/2026;GM258BT;CMEG CAR;K043-TRA;SUEZ RV Ile-de-France-OUEST-Transporteur;;CEMPOI003;POISSY;A200  .  ;Déchets recyclables en mélange;3020;17420;14400;100;A101  .  ;Refus de tri à réception (requalification);0;
PRC596032;PRC596035;03/03/2026;EZ038NH K0E;GPSEOAUB;K0ESOTRE;SOTREMA;K047001375;DECGAR001;GARGENVILLE;A100ST.  ;Déchets non recyclables en mélange Non incinérables;4140;17720;13580;0;XV14  .  ;Déchets interdits à réception des déchets en mélange;0;
PRC595870;PRC595872;02/03/2026;GN075KS;NOVERUSI;K043-TRA;SUEZ RV Ile-de-France-OUEST-Transporteur;;NOVCAR001;CARRIERES SOUS POISSY;F104  .  ;E46 Ferraille d'incinération;2752;17372;14620;0;A101  .  ;Refus de tri à réception (requalification);688;
PRC595873;PRC595874;02/03/2026;GN075KS;NOVERUSI;K043-TRA;SUEZ RV Ile-de-France-OUEST-Transporteur;;NOVCAR001;CARRIERES SOUS POISSY;F104  .  ;E46 Ferraille d'incinération;3184;17724;14540;0;A101  .  ;Refus de tri à réception (requalification);796;
PRC596190;PRC596194;04/03/2026;EZ978DY K0E;GPSEOAUB;K0ESOTRE;SOTREMA;K047001375;DECGAR001;GARGENVILLE;A100ST.  ;Déchets non recyclables en mélange Non incinérables;5460;19800;14340;0;XV14  .  ;Déchets interdits à réception des déchets en mélange;0;
PRC596517;PRC596519;06/03/2026;FG254YJ K0E;GPSEOAUB;K0ESOTRE;SOTREMA;K047001375;DECGAR001;GARGENVILLE;A100ST.  ;Déchets non recyclables en mélange Non incinérables;3420;16880;13460;0;XV14  .  ;Déchets interdits à réception des déchets en mélange;0;
PRC595879;PRC595869;02/03/2026;GN028LX K0E;K047-CLT;K0EFRANC;FRANCK HENRY TRANSPORTS;K047000404;K047;PORCHEVILLE;A100ST.  ;Déchets non recyclables en mélange Non incinérables;17040;35340;18300;0;;;0;
PRC595880;PRC595884;02/03/2026;GZ654RV;ECOMAPAR;K043-TRA;SUEZ RV Ile-de-France-OUEST-Transporteur;;DECHETCLOS03;MANTES LA JOLIE;A300  .  ;Encombrants et DEA;2520;18620;16100;0;A101  .  ;Refus de tri à réception (requalification);0;
PRC595881;PRC595885;02/03/2026;GM345XQ;RECYPIC;K043-TRA;SUEZ RV Ile-de-France-OUEST-Transporteur;;00040318-001;BOIS D ARCY (78);B105  .  ;Carton, CCR triés;3646;19946;16300;0;A101  .  ;Refus de tri à réception (requalification);274;
PRC595886;PRC595889;02/03/2026;GZ654RV;ECOMAPAR;K043-TRA;SUEZ RV Ile-de-France-OUEST-Transporteur;;DECHETLIM02;LIMAY;A300  .  ;Encombrants et DEA;3100;19180;16080;0;A101  .  ;Refus de tri à réception (requalification);0;
PRC595887;PRC595892;02/03/2026;HD634EJ K0E;VALOOU47;K0ESOTRE;SOTREMA;K047001714;VALGOU0033;GOUSSONVILLE;A300  .  ;Encombrants et DEA;4500;20680;16180;0;XV14  .  ;Déchets interdits à réception des déchets en mélange;0;
PRC595888;PRC595893;02/03/2026;GM345XQ;RECYPIC;K043-TRA;SUEZ RV Ile-de-France-OUEST-Transporteur;;00040318-001;BOIS D ARCY (78);B105  .  ;Carton, CCR triés;781;16561;15780;0;A101  .  ;Refus de tri à réception (requalification);59;
PRC596534;;07/03/2026;EN739KS K0E;GPSEOAUB;K0ESOTRE;SOTREMA;K047001375;DECGAR001;GARGENVILLE;A100ST.  ;Déchets non recyclables en mélange Non incinérables;4160;17760;13600;0;;;0;
PRC595894;PRC595871;02/03/2026;GW591HW K0E;K047-CLT;K0ECOLLE;COLLECTI VERT;K047000453;K047;PORCHEVILLE;H101  .  ;Déchets verts compostables;17860;35920;18060;0;;;0;
PRC595897;PRC595902;02/03/2026;GN075KS;ETANCAUB;K043-TRA;SUEZ RV Ile-de-France-OUEST-Transporteur;;ETAAUB003;AUBERGENVILLE;F300  .  ;Chutes neuves;10980;25060;14080;5;A101  .  ;Refus de tri à réception (requalification);0;
PRC595899;PRC595903;02/03/2026;GR412TA K0E;VALOOU47;K0ESOTRE;SOTREMA;K047001700;VALAR0019;ARNOUVILLE LES MANTES;A300  .  ;Encombrants et DEA;5280;21140;15860;0;XV14  .  ;Déchets interdits à réception des déchets en mélange;0;
PRC596553;;08/03/2026;EN739KS K0E;GPSEOAUB;K0ESOTRE;SOTREMA;K047001375;DECGAR001;GARGENVILLE;A100ST.  ;Déchets non recyclables en mélange Non incinérables;4520;18280;13760;0;;;0;
PRC595906;PRC595882;02/03/2026;GG290WG K0E;ECOMAPAR;K0EGCANT;GCATRANS;K047001566;SUEPOR001;PORCHEVILLE;A301  .  ;DEA Bois;20020;37480;17460;0;;;0;
PRC595907;PRC595908;02/03/2026;GZ654RV;SUEZLILL;K043-TRA;SUEZ RV Ile-de-France-OUEST-Transporteur;;STEROS001;ROSNY SUR SEINE;G300  .  ;Sables;8960;23760;14800;0;A101  .  ;Refus de tri à réception (requalification);0;
PRC595910;PRC595913;02/03/2026;DX902NE K0E;VALOOU47;K0ESEPUR;SEPUR LES MUREAUX;K047001681;VALBRA002;BLARU;A300  .  ;Encombrants et DEA;6180;20740;14560;0;XV14  .  ;Déchets interdits à réception des déchets en mélange;0;
PRC596554;;08/03/2026;EN739KS K0E;GPSEOAUB;K0ESOTRE;SOTREMA;K047001375;DECGAR001;GARGENVILLE;A100ST.  ;Déchets non recyclables en mélange Non incinérables;2540;16520;13980;0;;;0;
PRC595912;PRC595900;02/03/2026;GR412TA K0E;K047-CLT;K0E BLT;BLT B.V;K047001571;K047;PORCHEVILLE;J300  .  ;Petits Appareils Ménagers (PAM);660;10340;9680;0;;;0;
PRC595914;;02/03/2026;GC010PQ K0E;VALORG47;K0EVSI;VSI;K047001650;CTREPOR001;PORCHEVILLE;F100  .  ;Ferrailles légères;60;2880;2820;0;;;0;
PRC595915;PRC595922;02/03/2026;DE378PX K0E;VALOOU47;K0ESEPUR;SEPUR LES MUREAUX;K047001681;VALBRA002;BLARU;A300  .  ;Encombrants et DEA;5060;19260;14200;0;XV14  .  ;Déchets interdits à réception des déchets en mélange;0;
PRC595917;PRC595919;02/03/2026;GC010PQ K0E;VALORG47;K0EVSI;VSI;K047001658;CTREPOR001;PORCHEVILLE;I201  .  ;VHU, pare-brise;60;2820;2760;0;A101  .  ;Refus de tri à réception (requalification);0;
PRC595921;PRC595923;02/03/2026;GC010PQ K0E;VALORG47;K0EVSI;VSI;K047001659;CTREPOR001;PORCHEVILLE;D700  .  ;Autres plastiques techniques;20;2760;2740;0;A101  .  ;Refus de tri à réception (requalification);0;
PRC595927;PRC595929;02/03/2026;GD116QX K0E;ECOMAPAR;K0EMAUFF;MAUFFREY;K047001565;SUEPOR001;PORCHEVILLE;A300  .  ;Encombrants et DEA;1460;15680;14220;0;;;0;
;;;;;;;;;;;;32220;;;;;;;
PRC595863;;01/03/2026;EN739KS K0E;GPSEOAUB;K0ESOTRE;SOTREMA;K047001402;DECGAR001;GARGENVILLE;B104  .  ;Carton, CCR;600;15120;14520;0;;;0;600
PRC595932;PRC595918;02/03/2026;GL793QB K0E;K047-CLT;K0EMAZEA;MAZEAU;K047001103;MAZSTO001;ST OUEN (93);F100  .  ;Ferrailles légères;11380;31860;20480;0;;;0;
PRC596096;;03/03/2026;EZ038NH K0E;GPSEOAUB;K0ESOTRE;SOTREMA;K047001402;DECGAR001;GARGENVILLE;B104  .  ;Carton, CCR;526;14306;13780;0;;;34;560
PRC595935;PRC595942;02/03/2026;GR412TA K0E;VALOOU47;K0ESOTRE;SOTREMA;K047001700;VALAR0019;ARNOUVILLE LES MANTES;A300  .  ;Encombrants et DEA;1940;17960;16020;0;XV14  .  ;Déchets interdits à réception des déchets en mélange;0;
PRC595937;PRC595940;02/03/2026;GD116QX K0E;ECOMAPAR;K0EMAUFF;MAUFFREY;K047001565;SUEPOR001;PORCHEVILLE;A300  .  ;Encombrants et DEA;2180;15840;13660;0;;;0;
PRC596198;PRC596201;04/03/2026;HF382HK K0E;GPSEOAUB;K0ESOTRE;SOTREMA;K047001402;DECGAR001;GARGENVILLE;B104  .  ;Carton, CCR;171;14591;14420;0;A101  .  ;Refus de tri à réception (requalification);9;180
PRC595943;PRC595930;02/03/2026;GM474NT K0E;K047-CLT;K0EFRANC;FRANCK HENRY TRANSPORTS;K047000404;K047;PORCHEVILLE;A100ST.  ;Déchets non recyclables en mélange Non incinérables;22020;39980;17960;0;;;0;
PRC595945;PRC595928;02/03/2026;EJ908KJ K0E;K047-CLT;K0ERTRAN;RTRANSPORT;K047000404;K047;PORCHEVILLE;A100ST.  ;Déchets non recyclables en mélange Non incinérables;17560;35000;17440;0;;;0;
PRC595946;PRC595947;02/03/2026;EP583HQ K0E;SATELLIE;K0ESATEL;SATEL ENVIRONNEMENT;K047001672;CENTREDE TRI;PORCHEVILLE;I100  .  ;Verre alimentaire;7280;21740;14460;0;A101  .  ;Refus de tri à réception (requalification);0;
PRC595948;;02/03/2026;GZ654RV;LINDAMON;K043-TRA;SUEZ RV Ile-de-France-OUEST-Transporteur;;LINFRE001;FRENEUSE (78);B104  .  ;Carton, CCR;1375;17875;16500;20;A101  .  ;Refus de tri à réception (requalification);205;
PRC595949;;02/03/2026;GC010PQ K0E;VALORG47;K0EVSI;VSI;K047001653;CTREPOR001;PORCHEVILLE;B105  .  ;Carton, CCR triés;20;2580;2560;0;A101  .  ;Refus de tri à réception (requalification);0;
PRC595950;PRC595955;02/03/2026;GM345XQ;ELISTRA;K043-TRA;SUEZ RV Ile-de-France-OUEST-Transporteur;;ELITRA001;TRAPPES;F100  .  ;Ferrailles légères;2880;17660;14780;0;A101  .  ;Refus de tri à réception (requalification);0;
PRC596539;;07/03/2026;EN739KS K0E;GPSEOAUB;K0ESOTRE;SOTREMA;K047001402;DECGAR001;GARGENVILLE;B104  .  ;Carton, CCR;534;14014;13480;0;;;46;580
PRC595953;;02/03/2026;DX902NE K0E;VALOOU47;K0ESEPUR;SEPUR LES MUREAUX;K047001681;VALBRA002;BLARU;A300  .  ;Encombrants et DEA;3000;18360;15360;0;;;0;
PRC595954;PRC595962;02/03/2026;AA670CJ K0E;GPSEOAUB;K0EGPSEO;GPSEO;K047001378;DECHMAN001;MANTES LA VILLE;A100ST.  ;Déchets non recyclables en mélange Non incinérables;16000;29240;13240;0;XV14  .  ;Déchets interdits à réception des déchets en mélange;0;
PRC595956;;02/03/2026;GC010PQ K0E;VALORG47;K0EVSI;VSI;K047001655;CTREPOR001;PORCHEVILLE;C400  .  ;Palettes;120;2700;2580;0;;;0;
PRC595958;PRC595961;02/03/2026;GM345XQ;CENTRTOU;K043-TRA;SUEZ RV Ile-de-France-OUEST-Transporteur;;CENMAU001;MAUREPAS (78);B101  .  ;Papiers et cartons mélangés ordinaires;484;14664;14180;0;A101  .  ;Refus de tri à réception (requalification);36;
PRC596108;;02/03/2026;DY477HS;SAFRABOR;K043-TRA;SUEZ RV Ile-de-France-OUEST-Transporteur;;SAFBUC001;BUCHELAY;A220  .  ;Emballages plastiques et métalliques en mélange;40;11140;11100;0;;;0;
PRC595963;;02/03/2026;GN075KS;ALKERLIM;K043-TRA;SUEZ RV Ile-de-France-OUEST-Transporteur;;ALKLIM001;LIMAY;C100  .  ;Bois de classe A;2000;17380;15380;0;;;0;
PRC595965;PRC595972;02/03/2026;DY477HS;DORMACRE;K043-TRA;SUEZ RV Ile-de-France-OUEST-Transporteur;;DORCOI004;COIGNIERES;F100  .  ;Ferrailles légères;320;8900;8580;0;A101  .  ;Refus de tri à réception (requalification);0;
PRC595966;;02/03/2026;GN075KS;EKILIAU;K043-TRA;SUEZ RV Ile-de-France-OUEST-Transporteur;;EKIAUB001;AUBERGENVILLE;B104  .  ;Carton, CCR;2895;18655;15760;0;;;185;
PRC595968;;02/03/2026;GC010PQ K0E;VALORG47;K0EVSI;VSI;K047001653;CTREPOR001;PORCHEVILLE;B105  .  ;Carton, CCR triés;40;3060;3020;0;;;0;
PRC595970;;02/03/2026;HD634EJ K0E;VALOOU47;K0ESOTRE;SOTREMA;K047001714;VALGOU0033;GOUSSONVILLE;A300  .  ;Encombrants et DEA;5360;21440;16080;0;;;0;
PRC595967;PRC595967;02/03/2026;GC010PQ K0E;VALORG47;K0EVSI;VSI;K047001658;CTREPOR001;PORCHEVILLE;I201  .  ;VHU, pare-brise;180;3200;3020;0;;;0;
PRC595971;;02/03/2026;DY477HS;SAFRABOR;K043-TRA;SUEZ RV Ile-de-France-OUEST-Transporteur;;SAFBUC001;BUCHELAY;E111  .  ;Aluminium Chutes Neuves;1300;10240;8940;0;;;0;
PRC595973;PRC595951;02/03/2026;EK711XV K0E;K047-CLT;K0EDENYL;DENYL TRANSPORT;K047000405;K047;PORCHEVILLE;C200  .  ;Bois de classe B;16660;35080;18420;0;;;0;
PRC595974;PRC595975;02/03/2026;GS204VX K0E;ANSSEM47;K0EANSSE;ANSSELIN MATERIAUX;K047000750;ANSMEZ001;MEZIERES SUR SEINE;B104  .  ;Carton, CCR;115;3015;2900;0;A101  .  ;Refus de tri à réception (requalification);5;
PRC595976;PRC595977;02/03/2026;DY477HS;RESTOPAR;K043-TRA;SUEZ RV Ile-de-France-OUEST-Transporteur;;RESGAR003;GARGENVILLE;C200  .  ;Bois de classe B;120;8660;8540;0;;;0;
PRC595982;PRC595981;02/03/2026;DE934FC K0E;ECOMAPAR;K0EPASCA;PASCALI SERVICES;K047001568;SUEPOR001;PORCHEVILLE;A302  .  ;DEA Literie;4660;23380;18720;0;;;0;
PRC596555;;08/03/2026;EN739KS K0E;GPSEOAUB;K0ESOTRE;SOTREMA;K047001402;DECGAR001;GARGENVILLE;B104  .  ;Carton, CCR;534;14174;13640;0;;;46;580
PRC595984;PRC595992;03/03/2026;GN075KS;RESAHMAN;K043-TRA;SUEZ RV Ile-de-France-OUEST-Transporteur;;HOSQUE001;MANTES LA JOLIE;B104  .  ;Carton, CCR;1711;17471;15760;2;A101  .  ;Refus de tri à réception (requalification);129;
;;;;;;;;;;;;2365;;;;;;;2500
PRC596112;PRC596115;03/03/2026;EZ038NH K0E;GPSEOAUB;K0ESOTRE;SOTREMA;K047001412;DECGAR001;GARGENVILLE;F101  .  ;Platinages;1600;15200;13600;0;A101  .  ;Refus de tri à réception (requalification);0;
PRC595986;PRC595988;03/03/2026;GD116QX K0E;ECOMAPAR;K0EMAUFF;MAUFFREY;K047001565;SUEPOR001;PORCHEVILLE;A300  .  ;Encombrants et DEA;1640;14540;12900;0;;;0;
;;;;;;;;;;;;1600;;;;;;;
PRC595999;PRC596008;03/03/2026;EZ038NH K0E;GPSEOAUB;K0ESOTRE;SOTREMA;K047001422;DECGAR001;GARGENVILLE;G201  .  ;Plâtre valorisable;3640;17500;13860;0;A101  .  ;Refus de tri à réception (requalification);0;
PRC595991;PRC595996;03/03/2026;DY477HS;MANTELEV;K043-TRA;SUEZ RV Ile-de-France-OUEST-Transporteur;;MANMAN001;MANTES LA VILLE;D402  .  ;Film PEBD 80/20;264;9664;9400;0;A101  .  ;Refus de tri à réception (requalification);36;
;;;;;;;;;;;;3640;;;;;;;
PRC595859;;01/03/2026;EB031ZC K0E;GPSEOAUB;K0ESOTRE;SOTREMA;K047001392;DECGAR001;GARGENVILLE;H101  .  ;Déchets verts compostables;3480;18360;14880;0;;;0;
PRC595864;;01/03/2026;EN739KS K0E;GPSEOAUB;K0ESOTRE;SOTREMA;K047001392;DECGAR001;GARGENVILLE;H101  .  ;Déchets verts compostables;1600;15740;14140;0;;;0;
PRC595911;PRC595916;02/03/2026;FB578JE K0E;GPSEOAUB;K0ESOTRE;SOTREMA;K047001392;DECGAR001;GARGENVILLE;H101  .  ;Déchets verts compostables;2020;15620;13600;0;A101  .  ;Refus de tri à réception (requalification);0;
PRC596062;PRC596066;03/03/2026;EZ038NH K0E;GPSEOAUB;K0ESOTRE;SOTREMA;K047001392;DECGAR001;GARGENVILLE;H101  .  ;Déchets verts compostables;2600;16000;13400;0;A101  .  ;Refus de tri à réception (requalification);0;
PRC596004;PRC596010;03/03/2026;GD116QX K0E;ECOMAPAR;K0EMAUFF;MAUFFREY;K047001565;SUEPOR001;PORCHEVILLE;A300  .  ;Encombrants et DEA;920;15100;14180;0;;;0;
PRC596007;PRC595983;03/03/2026;HD545QF K0E;K047-CLT;K0ECOLLE;COLLECTI VERT;K047000453;K047;PORCHEVILLE;H101  .  ;Déchets verts compostables;22800;41360;18560;0;;;0;
PRC596011;PRC596020;03/03/2026;SST-DA509HX;SAFRABOU;K043-TRA;SUEZ RV Ile-de-France-OUEST-Transporteur;;SAFMAN001;MANTES LA VILLE;B105  .  ;Carton, CCR triés;558;13098;12540;0;A101  .  ;Refus de tri à réception (requalification);42;
PRC596012;PRC596019;03/03/2026;GQ594AP;DECHECHE;K034-TRA;SUEZ RV Ile-de-France NORD-Transporteur;;DEMMAN001;MANTES LA JOLIE;A200  .  ;Déchets recyclables en mélange;1160;12260;11100;100;A101  .  ;Refus de tri à réception (requalification);0;
PRC596014;PRC596018;03/03/2026;HJ125FT K0E;VALORG47;K0ESIABU;SIA BUVSERVISS;K047001655;CTREPOR001;PORCHEVILLE;C400  .  ;Palettes;1120;14660;13540;0;A101  .  ;Refus de tri à réception (requalification);0;
PRC596015;PRC596000;03/03/2026;GN028LX K0E;K047-CLT;K0EFRANC;FRANCK HENRY TRANSPORTS;K047000404;K047;PORCHEVILLE;A100ST.  ;Déchets non recyclables en mélange Non incinérables;22180;40320;18140;0;;;0;
PRC596017;PRC596021;03/03/2026;GM345XQ;HOPITTRA;K043-TRA;SUEZ RV Ile-de-France-OUEST-Transporteur;;HOPTRA001;TRAPPES;A100ST.  ;Déchets non recyclables en mélange Non incinérables;5680;23460;17780;0;;;0;
PRC596022;PRC596026;03/03/2026;FS163YP K0E;VALOES47;K0EOTUS;OTUS VEOLIA;K047001742;SYNACH005;ACHERES (78);A300  .  ;Encombrants et DEA;4040;20460;16420;0;XV14  .  ;Déchets interdits à réception des déchets en mélange;0;
PRC596124;PRC596131;03/03/2026;EZ038NH K0E;GPSEOAUB;K0ESOTRE;SOTREMA;K047001392;DECGAR001;GARGENVILLE;H101  .  ;Déchets verts compostables;2720;16300;13580;0;A101  .  ;Refus de tri à réception (requalification);0;
PRC596029;PRC596033;03/03/2026;GM345XQ;ELISTRA;K043-TRA;SUEZ RV Ile-de-France-OUEST-Transporteur;;ELITRA001;TRAPPES;F100  .  ;Ferrailles légères;1740;17160;15420;0;A101  .  ;Refus de tri à réception (requalification);0;
PRC596030;PRC595998;03/03/2026;GW591HM K0E;K047-CLT;K0ECOLLE;COLLECTI VERT;K047000453;K047;PORCHEVILLE;H101  .  ;Déchets verts compostables;21620;39900;18280;0;;;0;
PRC596160;PRC596164;04/03/2026;HF382HK K0E;GPSEOAUB;K0ESOTRE;SOTREMA;K047001392;DECGAR001;GARGENVILLE;H101  .  ;Déchets verts compostables;1840;16100;14260;0;A101  .  ;Refus de tri à réception (requalification);0;
PRC596036;PRC596023;03/03/2026;FY377AQ K0E;K047-CLT;K0EMAZEA;MAZEAU;K047001103;MAZSTO001;ST OUEN (93);F100  .  ;Ferrailles légères;9240;34220;24980;0;;;0;
PRC596037;PRC596038;03/03/2026;GQ594AP;DECHECHE;K034-TRA;SUEZ RV Ile-de-France NORD-Transporteur;;DEMMAN001;MANTES LA JOLIE;A200  .  ;Déchets recyclables en mélange;800;11920;11120;20;A101  .  ;Refus de tri à réception (requalification);0;
PRC596039;PRC596041;03/03/2026;GM258BT;LOCALAB;K043-TRA;SUEZ RV Ile-de-France-OUEST-Transporteur;;LOCAEPO001;EPONE;B104  .  ;Carton, CCR;651;14611;13960;0;A101  .  ;Refus de tri à réception (requalification);89;
PRC596040;PRC596042;03/03/2026;GR412TA K0E;VALOOU47;K0ESOTRE;SOTREMA;K047001703;VALBRE0022;BREUIL BOIS ROBERT;A300  .  ;Encombrants et DEA;5120;21000;15880;0;XV14  .  ;Déchets interdits à réception des déchets en mélange;0;
PRC596043;PRC596045;03/03/2026;DX902NE K0E;VALOES47;K0ESEPUR;SEPUR LES MUREAUX;K047001752;SYNECQ0015;ECQUEVILLY;A300  .  ;Encombrants et DEA;6380;20940;14560;0;XV14  .  ;Déchets interdits à réception des déchets en mélange;0;
PRC596505;PRC596508;06/03/2026;FG254YJ K0E;GPSEOAUB;K0ESOTRE;SOTREMA;K047001392;DECGAR001;GARGENVILLE;H101  .  ;Déchets verts compostables;2580;16080;13500;0;A101  .  ;Refus de tri à réception (requalification);0;
PRC596048;PRC596049;03/03/2026;SST-DA509HX;SUEZLILL;K043-TRA;SUEZ RV Ile-de-France-OUEST-Transporteur;;STEROS001;ROSNY SUR SEINE;A100ST.  ;Déchets non recyclables en mélange Non incinérables;6240;19120;12880;0;XV14  .  ;Déchets interdits à réception des déchets en mélange;0;
PRC596050;PRC596044;03/03/2026;EY350FM K0E;ECOMAPAR;K0EGCANT;GCATRANS;K047001569;SUEPOR001;PORCHEVILLE;A304  .  ;DEA Rembourré;10220;27180;16960;0;;;0;
PRC596051;PRC596056;03/03/2026;ER862HY K0E;VALOES47;K0EOTUS;OTUS VEOLIA;K047001742;SYNACH005;ACHERES (78);A300  .  ;Encombrants et DEA;6200;21900;15700;0;XV14  .  ;Déchets interdits à réception des déchets en mélange;0;
PRC596542;;07/03/2026;EN739KS K0E;GPSEOAUB;K0ESOTRE;SOTREMA;K047001392;DECGAR001;GARGENVILLE;H101  .  ;Déchets verts compostables;3500;16980;13480;0;;;0;
PRC596055;PRC596057;03/03/2026;GQ713EE;TAS04378;K043-TRA;SUEZ RV Ile-de-France-OUEST-Transporteur;;PESEE-002;PORCHEVILLE;B104  .  ;Carton, CCR;1707;19507;17800;0;;;233;
PRC596551;;08/03/2026;EN739KS K0E;GPSEOAUB;K0ESOTRE;SOTREMA;K047001392;DECGAR001;GARGENVILLE;H101  .  ;Déchets verts compostables;2180;15920;13740;0;;;0;
PRC596060;PRC596063;03/03/2026;GQ594AP;DECHECHE;K034-TRA;SUEZ RV Ile-de-France NORD-Transporteur;;DEMMAN001;MANTES LA JOLIE;A200  .  ;Déchets recyclables en mélange;300;11560;11260;20;A101  .  ;Refus de tri à réception (requalification);0;
PRC596552;;08/03/2026;EN739KS K0E;GPSEOAUB;K0ESOTRE;SOTREMA;K047001392;DECGAR001;GARGENVILLE;H101  .  ;Déchets verts compostables;4300;18020;13720;0;;;0;
PRC596065;PRC596069;03/03/2026;GT309SA K0E;VALOES47;K0EOTUS;OTUS VEOLIA;K047001742;SYNACH005;ACHERES (78);A300  .  ;Encombrants et DEA;6000;22060;16060;0;XV14  .  ;Déchets interdits à réception des déchets en mélange;0;
PRC596068;PRC596052;03/03/2026;EK711XV K0E;K047-CLT;K0EDENYL;DENYL TRANSPORT;K047000405;K047;PORCHEVILLE;C200  .  ;Bois de classe B;19880;38200;18320;0;;;0;
PRC596070;PRC596081;03/03/2026;GN964XC;SITASFLI;K043-TRA;SUEZ RV Ile-de-France-OUEST-Transporteur;;RENFLI005;AUBERGENVILLE;B104  .  ;Carton, CCR;3835;19955;16120;0;A101  .  ;Refus de tri à réception (requalification);245;
PRC596071;PRC596078;03/03/2026;GM258BT;ECOMAPAR;K043-TRA;SUEZ RV Ile-de-France-OUEST-Transporteur;;DECHETDEPO07;EPONE;A300  .  ;Encombrants et DEA;2480;17600;15120;0;A101  .  ;Refus de tri à réception (requalification);0;
PRC596072;PRC596080;03/03/2026;FS163YP K0E;VALOES47;K0EOTUS;OTUS VEOLIA;K047001742;SYNACH005;ACHERES (78);A300  .  ;Encombrants et DEA;1100;17640;16540;0;XV14  .  ;Déchets interdits à réception des déchets en mélange;0;
PRC596073;;03/03/2026;FX859ZS;MACDOCAR;K043-TRA;SUEZ RV Ile-de-France-OUEST-Transporteur;;KEVCAR001;CARRIERES SOUS POISSY;A200  .  ;Déchets recyclables en mélange;20;1600;1580;0;;;0;
PRC596074;PRC596074;03/03/2026;FX859ZS;MACDOORG;K043-TRA;SUEZ RV Ile-de-France-OUEST-Transporteur;;MACORG001;ORGEVAL (78);A200  .  ;Déchets recyclables en mélange;20;1580;1560;0;;;0;
PRC596077;PRC596077;03/03/2026;FX859ZS;KFCMONCN;K043-TRA;SUEZ RV Ile-de-France-OUEST-Transporteur;;KFCMON002;MONTIGNY LE BRETONNEUX;A220  .  ;Emballages plastiques et métalliques en mélange;20;1500;1480;0;;;0;
PRC596083;PRC596086;03/03/2026;GN964XC;SITASFLI;K043-TRA;SUEZ RV Ile-de-France-OUEST-Transporteur;;RENFLI007;AUBERGENVILLE;C200  .  ;Bois de classe B;2260;17480;15220;0;A101  .  ;Refus de tri à réception (requalification);0;
PRC596085;PRC596087;03/03/2026;GD116QX K0E;ECOMAPAR;K0EMAUFF;MAUFFREY;K047001565;SUEPOR001;PORCHEVILLE;A300  .  ;Encombrants et DEA;1560;15460;13900;0;;;0;
PRC596089;PRC596082;03/03/2026;GN028LX K0E;K047-CLT;K0EFRANC;FRANCK HENRY TRANSPORTS;K047000404;K047;PORCHEVILLE;A100ST.  ;Déchets non recyclables en mélange Non incinérables;19340;37420;18080;0;;;0;
PRC596090;PRC596103;03/03/2026;DY477HS;TAKE PAR;K043-TRA;SUEZ RV Ile-de-France-OUEST-Transporteur;;CAMVIL001;VILLENNES SUR SEINE;I100  .  ;Verre alimentaire;20;8380;8360;0;;;0;
PRC596091;PRC596097;03/03/2026;DY477HS;POINTVER;K043-TRA;SUEZ RV Ile-de-France-OUEST-Transporteur;;POIVER001;VERNOUILLET (78);B104  .  ;Carton, CCR;60;8440;8380;0;A101  .  ;Refus de tri à réception (requalification);0;
PRC596093;PRC596084;03/03/2026;GK33GV K0E;K047-CLT;K0EYVETO;YVETOT TRANSPORTS;K047001218;K047;PORCHEVILLE;C100  .  ;Bois de classe A;14280;29980;15700;0;;;0;
PRC596095;PRC596098;03/03/2026;GC010PQ K0E;VALORG47;K0EVSI;VSI;K047001650;CTREPOR001;PORCHEVILLE;F100  .  ;Ferrailles légères;400;3180;2780;0;A101  .  ;Refus de tri à réception (requalification);0;
;;;;;;;;;;;;26820;;;;;;;
PRC596268;;04/03/2026;FG254YJ K0E;GPSEOAUB;K0ESOTRE;SOTREMA;K047001371;DECHACHE001;ACHERES (78);A100ST.  ;Déchets non recyclables en mélange Non incinérables;4280;18280;14000;0;;;0;
PRC596099;PRC596106;03/03/2026;FM039NA K0E;VALOES47;K0EOTUS;OTUS VEOLIA;K047001742;SYNACH005;ACHERES (78);A300  .  ;Encombrants et DEA;5600;21860;16260;0;XV14  .  ;Déchets interdits à réception des déchets en mélange;0;
PRC596100;;03/03/2026;DX902NE K0E;VALOES47;K0ESEPUR;SEPUR LES MUREAUX;K047001752;SYNECQ0015;ECQUEVILLY;A300  .  ;Encombrants et DEA;3200;17680;14480;0;;;0;
PRC596101;;03/03/2026;GD436HD K0E;VALOES47;K0ESEPUR;SEPUR LES MUREAUX;K047001752;SYNECQ0015;ECQUEVILLY;A300  .  ;Encombrants et DEA;6020;21220;15200;0;;;0;
PRC596102;PRC596092;03/03/2026;GC010PQ K0E;VALORG47;K0EVSI;VSI;K047001653;CTREPOR001;PORCHEVILLE;B105  .  ;Carton, CCR triés;100;2780;2680;0;A101  .  ;Refus de tri à réception (requalification);0;
PRC596104;PRC596104;03/03/2026;DY477HS;HOTELPAR;K043-TRA;SUEZ RV Ile-de-France-OUEST-Transporteur;;HOTCER002;CERNAY LA VILLE;I100  .  ;Verre alimentaire;240;8680;8440;0;;;0;
PRC596107;;03/03/2026;DY477HS;CUISIMAN;K043-TRA;SUEZ RV Ile-de-France-OUEST-Transporteur;;CUIMAN001;MANTES LA JOLIE;I100  .  ;Verre alimentaire;540;9400;8860;0;;;0;
PRC596117;PRC596118;03/03/2026;GM345XQ;EUROVGEN;K043-TRA;SUEZ RV Ile-de-France-OUEST-Transporteur;;EURVER001;LA VERRIERE;A100ST.  ;Déchets non recyclables en mélange Non incinérables;1600;15960;14360;0;XV14  .  ;Déchets interdits à réception des déchets en mélange;0;
PRC596122;PRC596129;03/03/2026;FW299VE K0E;GPSEOAUB;K0EGPSEO;GPSEO;K047001573;CTCCAR002;CARRIERES SOUS POISSY;A100ST.  ;Déchets non recyclables en mélange Non incinérables;1840;12400;10560;0;;;0;
PRC596473;PRC596477;06/03/2026;GX651JT K0E;GPSEOAUB;K0ESOTRE;SOTREMA;K047001371;DECHACHE001;ACHERES (78);A100ST.  ;Déchets non recyclables en mélange Non incinérables;5220;19500;14280;0;XV14  .  ;Déchets interdits à réception des déchets en mélange;0;
PRC596127;PRC596132;03/03/2026;GC010PQ K0E;VALORG47;K0EVSI;VSI;K047001655;CTREPOR001;PORCHEVILLE;C400  .  ;Palettes;40;3120;3080;0;A101  .  ;Refus de tri à réception (requalification);0;
PRC596128;PRC596114;03/03/2026;EZ690YP K0E;K047-CLT;K0EFLASH;FLASH TRANSPORTS;K047001500;REVBAZ003;LIMAY;F100  .  ;Ferrailles légères;11280;33340;22060;0;;;0;
PRC596133;PRC596136;03/03/2026;GC010PQ K0E;VALORG47;K0EVSI;VSI;K047001653;CTREPOR001;PORCHEVILLE;B105  .  ;Carton, CCR triés;40;3080;3040;0;A101  .  ;Refus de tri à réception (requalification);0;
PRC596135;PRC596139;03/03/2026;SST-DA509HX;TIGRONAZ;K043-TRA;SUEZ RV Ile-de-France-OUEST-Transporteur;;TIGLES001;LES MUREAUX;B104  .  ;Carton, CCR;820;14580;13760;100;A101  .  ;Refus de tri à réception (requalification);0;
PRC596137;PRC596138;03/03/2026;GC010PQ K0E;VALORG47;K0EVSI;VSI;K047001658;CTREPOR001;PORCHEVILLE;I201  .  ;VHU, pare-brise;40;3040;3000;0;A101  .  ;Refus de tri à réception (requalification);0;
PRC596140;PRC596120;03/03/2026;GM299VE K0E;K047-CLT;K0ETHS;THS;K047000410;K047;PORCHEVILLE;G101  .  ;Gravats en mélange inertes;27860;43100;15240;0;;;0;
PRC596141;;03/03/2026;GC010PQ K0E;VALORG47;K0EVSI;VSI;K047001659;CTREPOR001;PORCHEVILLE;D700  .  ;Autres plastiques techniques;20;2620;2600;0;A101  .  ;Refus de tri à réception (requalification);0;
PRC596142;PRC596146;03/03/2026;GM345XQ;SAFRABOR;K043-TRA;SUEZ RV Ile-de-France-OUEST-Transporteur;;SAFBUC001;BUCHELAY;B105  .  ;Carton, CCR triés;200;14740;14540;0;A101  .  ;Refus de tri à réception (requalification);0;
PRC596143;PRC596147;03/03/2026;FZ418QY K0E;ECOMAPAR;K0ETAES;TAES;K047001565;SUEPOR001;PORCHEVILLE;A300  .  ;Encombrants et DEA;260;2580;2320;0;;;0;
PRC596145;PRC596123;03/03/2026;FT830GG K0E;K047-CLT;K0ETHS;THS;K047000410;K047;PORCHEVILLE;G101  .  ;Gravats en mélange inertes;26000;42920;16920;0;;;0;
PRC596151;PRC596152;03/03/2026;GN964XC;SITASFLI;K043-TRA;SUEZ RV Ile-de-France-OUEST-Transporteur;;RENFLI007;AUBERGENVILLE;C100  .  ;Bois de classe A;2120;17660;15540;0;A101  .  ;Refus de tri à réception (requalification);0;
PRC596153;PRC596154;03/03/2026;GN075KS;NIKE PAR;K043-TRA;SUEZ RV Ile-de-France-OUEST-Transporteur;;NIKPLA001;PLAISIR;B104  .  ;Carton, CCR;260;14360;14100;100;A101  .  ;Refus de tri à réception (requalification);0;
PRC596283;PRC596283;04/03/2026;GP828NC K0E;VALOES47;K0ELEGOF;LE GOFF BREHALAISE DE TRANSPORTS;K047001519;K047;PORCHEVILLE;A100IN.  ;Déchets non recyclables en mélange incinérables;20680;38760;18080;0;;;0;
;;;;;;;;;;;;9500;;;;;;;
PRC596001;PRC596009;03/03/2026;GZ534BG K0E;GPSEOAUB;K0ESOTRE;SOTREMA;K047001398;DECHACHE001;ACHERES (78);B104  .  ;Carton, CCR;564;14424;13860;0;A101  .  ;Refus de tri à réception (requalification);36;600
;;;;;;;;;;;;564;;;;;;;600
PRC596535;PRC596535;07/03/2026;FG254YJ K0E;GPSEOAUB;K0ESOTRE;SOTREMA;K047001408;DECHACHE001;ACHERES (78);F101  .  ;Platinages;2980;17160;14180;0;;;0;
PRC596162;PRC596166;04/03/2026;GM258BT;MANTELEV;K043-TRA;SUEZ RV Ile-de-France-OUEST-Transporteur;;MANMAN001;MANTES LA VILLE;B105  .  ;Carton, CCR triés;2764;20004;17240;0;A101  .  ;Refus de tri à réception (requalification);176;
PRC596163;PRC596167;04/03/2026;SST-GN733XC;DECHECHE;K034-TRA;SUEZ RV Ile-de-France NORD-Transporteur;;DEMMAN001;MANTES LA JOLIE;A200  .  ;Déchets recyclables en mélange;880;13960;13080;15;A101  .  ;Refus de tri à réception (requalification);0;
;;;;;;;;;;;;2980;;;;;;;
PRC596424;PRC596436;06/03/2026;GX651JT K0E;GPSEOAUB;K0ESOTRE;SOTREMA;K047001418;DECHACHE001;ACHERES (78);G201  .  ;Plâtre valorisable;2820;16840;14020;0;A101  .  ;Refus de tri à réception (requalification);0;
PRC596174;PRC596179;04/03/2026;FS710DA;BOR04378;K043-TRA;SUEZ RV Ile-de-France-OUEST-Transporteur;;PESEE-003;PORCHEVILLE;B104  .  ;Carton, CCR;1091;19911;18820;0;;;149;
PRC596175;PRC596180;04/03/2026;GM258BT;CARREST;K043-TRA;SUEZ RV Ile-de-France-OUEST-Transporteur;;AFULCHAM001;CHAMBOURCY;B104  .  ;Carton, CCR;2425;20305;17880;3;A101  .  ;Refus de tri à réception (requalification);155;
PRC596176;PRC596181;04/03/2026;GR412TA K0E;VALOOU47;K0ESOTRE;SOTREMA;K047001707;VALEPO0026;EPONE;A300  .  ;Encombrants et DEA;3000;18900;15900;0;XV14  .  ;Déchets interdits à réception des déchets en mélange;0;
PRC596178;PRC596183;04/03/2026;GZ654RV;TIGRONAZ;K043-TRA;SUEZ RV Ile-de-France-OUEST-Transporteur;;TIGLES001;LES MUREAUX;C200  .  ;Bois de classe B;1320;17120;15800;0;A101  .  ;Refus de tri à réception (requalification);0;
PRC596177;PRC596156;04/03/2026;BF770MG K0E;K047-CLT;K0EDENYL;DENYL TRANSPORT;K047000405;K047;PORCHEVILLE;C200  .  ;Bois de classe B;17800;36060;18260;0;;;0;
;;;;;;;;;;;;2820;;;;;;;
PRC595856;;01/03/2026;EB031ZC K0E;GPSEOAUB;K0ESOTRE;SOTREMA;K047001372;DECHAUB001;AUBERGENVILLE;A100ST.  ;Déchets non recyclables en mélange Non incinérables;5920;24500;18580;0;;;0;
PRC596184;PRC596188;04/03/2026;SST-GN733XC;DECHECHE;K034-TRA;SUEZ RV Ile-de-France NORD-Transporteur;;DEMMAN001;MANTES LA JOLIE;A200  .  ;Déchets recyclables en mélange;1140;14220;13080;15;A101  .  ;Refus de tri à réception (requalification);0;
PRC596287;PRC596288;05/03/2026;FB578JE K0E;GPSEOAUB;K0ESOTRE;SOTREMA;K047001372;DECHAUB001;AUBERGENVILLE;A100ST.  ;Déchets non recyclables en mélange Non incinérables;8060;25620;17560;0;XV14  .  ;Déchets interdits à réception des déchets en mélange;0;
PRC596186;PRC596189;04/03/2026;GZ654RV;ECOMAPAR;K043-TRA;SUEZ RV Ile-de-France-OUEST-Transporteur;;DECHETLIM02;LIMAY;A300  .  ;Encombrants et DEA;1820;17900;16080;0;A101  .  ;Refus de tri à réception (requalification);0;
;;;;;;;;;;;;13980;;;;;;;
PRC596549;;08/03/2026;FD904PJ K0E;GPSEOAUB;K0ESOTRE;SOTREMA;K047001399;DECHAUB001;AUBERGENVILLE;B105  .  ;Carton, CCR triés;3218;21538;18320;0;;;242;3460
PRC596192;PRC596195;04/03/2026;FQ507VG K0E;VALOES47;K0ENICO;NICOLLIN;K047001744;SYNAND007;ANDRESY;A300  .  ;Encombrants et DEA;460;3420;2960;0;XV14  .  ;Déchets interdits à réception des déchets en mélange;0;
PRC596193;PRC596170;04/03/2026;GH264HA K0E;K047-CLT;K0EFRANC;FRANCK HENRY TRANSPORTS;K047000404;K047;PORCHEVILLE;A100ST.  ;Déchets non recyclables en mélange Non incinérables;17940;36220;18280;0;;;0;
;;;;;;;;;;;;3218;;;;;;;3460
PRC595857;;01/03/2026;EB031ZC K0E;GPSEOAUB;K0ESOTRE;SOTREMA;K047001409;DECHAUB001;AUBERGENVILLE;F101  .  ;Platinages;6640;25020;18380;0;;;0;
;;;;;;;;;;;;6640;;;;;;;
PRC595858;;01/03/2026;EB031ZC K0E;GPSEOAUB;K0ESOTRE;SOTREMA;K047001389;DECHAUB001;AUBERGENVILLE;H101  .  ;Déchets verts compostables;2220;16560;14340;0;;;0;
PRC596199;PRC596202;04/03/2026;HG742GJ K0E;VALOOU47;K0EGPSEO;GPSEO;K047001724;VALLIM0043;LIMAY;A300  .  ;Encombrants et DEA;3820;16460;12640;0;XV14  .  ;Déchets interdits à réception des déchets en mélange;0;
PRC596182;PRC596187;04/03/2026;FB578JE K0E;GPSEOAUB;K0ESOTRE;SOTREMA;K047001389;DECHAUB001;AUBERGENVILLE;H101  .  ;Déchets verts compostables;2880;16300;13420;0;;;0;
PRC596203;PRC596209;04/03/2026;GZ654RV;TIGRONAZ;K043-TRA;SUEZ RV Ile-de-France-OUEST-Transporteur;;TIGLES001;LES MUREAUX;F100  .  ;Ferrailles légères;2400;18060;15660;0;A101  .  ;Refus de tri à réception (requalification);0;
PRC596206;PRC596207;04/03/2026;GC010PQ K0E;VALORG47;K0EVSI;VSI;K047001657;CTREPOR001;PORCHEVILLE;I100  .  ;Verre alimentaire;100;2920;2820;0;A101  .  ;Refus de tri à réception (requalification);0;
PRC596208;PRC596210;04/03/2026;GC010PQ K0E;VALORG47;K0EVSI;VSI;K047001653;CTREPOR001;PORCHEVILLE;B105  .  ;Carton, CCR triés;40;2820;2780;0;A101  .  ;Refus de tri à réception (requalification);0;
PRC596276;PRC596277;04/03/2026;EZ038NH K0E;GPSEOAUB;K0ESOTRE;SOTREMA;K047001389;DECHAUB001;AUBERGENVILLE;H101  .  ;Déchets verts compostables;2680;16100;13420;0;;;0;
PRC596213;PRC596215;04/03/2026;GC010PQ K0E;VALORG47;K0EVSI;VSI;K047001655;CTREPOR001;PORCHEVILLE;C400  .  ;Palettes;40;2760;2720;0;A101  .  ;Refus de tri à réception (requalification);0;
PRC596214;;04/03/2026;GC010PQ K0E;VALORG47;K0EVSI;VSI;K047001658;CTREPOR001;PORCHEVILLE;I201  .  ;VHU, pare-brise;20;2780;2760;0;;;0;
PRC596222;PRC596226;04/03/2026;GQ010LS K0E;VALOES47;K0ENICO;NICOLLIN;K047001744;SYNAND007;ANDRESY;A300  .  ;Encombrants et DEA;4500;17640;13140;0;XV14  .  ;Déchets interdits à réception des déchets en mélange;0;
PRC596224;PRC596227;04/03/2026;GD116QX K0E;ECOMAPAR;K0EMAUFF;MAUFFREY;K047001565;SUEPOR001;PORCHEVILLE;A300  .  ;Encombrants et DEA;1460;15840;14380;0;;;0;
PRC596228;PRC596229;04/03/2026;GZ654RV;ETANCAUB;K043-TRA;SUEZ RV Ile-de-France-OUEST-Transporteur;;ETAAUB001;AUBERGENVILLE;C100  .  ;Bois de classe A;2220;17960;15740;0;A101  .  ;Refus de tri à réception (requalification);0;
PRC596341;PRC596345;05/03/2026;FB578JE K0E;GPSEOAUB;K0ESOTRE;SOTREMA;K047001389;DECHAUB001;AUBERGENVILLE;H101  .  ;Déchets verts compostables;1520;14900;13380;0;;;0;
PRC596231;PRC596240;04/03/2026;HG742GJ K0E;VALOOU47;K0EGPSEO;GPSEO;K047001724;VALLIM0043;LIMAY;A300  .  ;Encombrants et DEA;2020;14760;12740;0;XV14  .  ;Déchets interdits à réception des déchets en mélange;0;
PRC596232;PRC596220;04/03/2026;GM474NT K0E;K047-CLT;K0EFRANC;FRANCK HENRY TRANSPORTS;K047000404;K047;PORCHEVILLE;A100ST.  ;Déchets non recyclables en mélange Non incinérables;18600;36500;17900;0;;;0;
PRC596235;PRC596238;04/03/2026;FZ418QY K0E;ECOMAPAR;K0EALEYN;ALEYMA TRANS EQOD;K047001565;SUEPOR001;PORCHEVILLE;A300  .  ;Encombrants et DEA;480;2800;2320;0;;;0;
PRC596242;PRC596245;04/03/2026;DP814ZW K0E;VALOES47;K0ENICO;NICOLLIN;K047001744;SYNAND007;ANDRESY;A300  .  ;Encombrants et DEA;4960;19820;14860;0;XV14  .  ;Déchets interdits à réception des déchets en mélange;0;
PRC596244;PRC596250;04/03/2026;GN075KS;TMFOPLIM;K043-TRA;SUEZ RV Ile-de-France-OUEST-Transporteur;;TMFLIM001;LIMAY;C100  .  ;Bois de classe A;3340;18180;14840;0;A101  .  ;Refus de tri à réception (requalification);0;
PRC596247;PRC596248;04/03/2026;GC010PQ K0E;VALORG47;K0EVSI;VSI;K047001653;CTREPOR001;PORCHEVILLE;B105  .  ;Carton, CCR triés;40;2980;2940;0;A101  .  ;Refus de tri à réception (requalification);0;
PRC596249;PRC596252;04/03/2026;GC010PQ K0E;VALORG47;K0EVSI;VSI;K047001650;CTREPOR001;PORCHEVILLE;F100  .  ;Ferrailles légères;220;2940;2720;0;A101  .  ;Refus de tri à réception (requalification);0;
PRC596251;PRC596239;04/03/2026;GJ258WP K0E;K047-CLT;K0EFRANC;FRANCK HENRY TRANSPORTS;K047000404;K047;PORCHEVILLE;A100ST.  ;Déchets non recyclables en mélange Non incinérables;23900;42280;18380;0;;;0;
PRC596253;PRC596254;04/03/2026;GC010PQ K0E;VALORG47;K0EVSI;VSI;K047001658;CTREPOR001;PORCHEVILLE;I201  .  ;VHU, pare-brise;20;2720;2700;0;A101  .  ;Refus de tri à réception (requalification);0;
PRC596257;PRC596234;04/03/2026;HG100FZ K0E;K047-CLT;K0EPERRE;PERRENOT BEKAERT;K047000517;SITNAN001;NANTERRE CEDEX;B105  .  ;Carton, CCR triés;28280;42840;14560;0;;;0;
PRC596258;PRC596263;04/03/2026;GN073GG K0E;ECOMAPAR;K0EROLLE;ROLLE HOLBEKE;K047001565;SUEPOR001;PORCHEVILLE;A300  .  ;Encombrants et DEA;1500;16440;14940;0;;;0;
PRC596259;;04/03/2026;GC010PQ K0E;VALORG47;K0EVSI;VSI;K047001655;CTREPOR001;PORCHEVILLE;C400  .  ;Palettes;60;2680;2620;0;;;0;
PRC596260;;04/03/2026;GN075KS;ECOMAPAR;K043-TRA;SUEZ RV Ile-de-France-OUEST-Transporteur;;DECHETDAUB09;AUBERGENVILLE;A300  .  ;Encombrants et DEA;2960;18060;15100;0;;;0;
PRC596264;PRC596241;04/03/2026;GG290GW K0E;ECOMAPAR;K0EGCANT;GCATRANS;K047001566;SUEPOR001;PORCHEVILLE;A301  .  ;DEA Bois;18740;36140;17400;0;;;0;
PRC596527;;06/03/2026;FD904PJ K0E;GPSEOAUB;K0ESOTRE;SOTREMA;K047001389;DECHAUB001;AUBERGENVILLE;H101  .  ;Déchets verts compostables;4320;17800;13480;0;;;0;
PRC596420;PRC596426;06/03/2026;FB578JE K0E;GPSEOAUB;K0ESOTRE;SOTREMA;K047001389;DECHAUB001;AUBERGENVILLE;H101  .  ;Déchets verts compostables;2780;17120;14340;0;;;0;
PRC596267;;04/03/2026;GC010PQ K0E;VALORG47;K0EVSI;VSI;K047001655;CTREPOR001;PORCHEVILLE;C400  .  ;Palettes;0;12;12;0;;;0;
PRC596548;;07/03/2026;FD904PJ K0E;GPSEOAUB;K0ESOTRE;SOTREMA;K047001389;DECHAUB001;AUBERGENVILLE;H101  .  ;Déchets verts compostables;5280;19280;14000;0;;;0;
;;;;;;;;;;;;21680;;;;;;;
PRC596468;PRC596475;06/03/2026;FB578JE K0E;GPSEOAUB;K0ESOTRE;SOTREMA;K047001373;DECHCONFL001;CONFLANS STE HONORINE;A100ST.  ;Déchets non recyclables en mélange Non incinérables;3620;17380;13760;0;XV14  .  ;Déchets interdits à réception des déchets en mélange;0;
PRC596271;PRC596273;04/03/2026;GM258BT;COFELFOR;K043-TRA;SUEZ RV Ile-de-France-OUEST-Transporteur;;CALGUE001;GUERVILLE (78);G101  .  ;Gravats en mélange inertes;8780;23000;14220;0;A101  .  ;Refus de tri à réception (requalification);0;
PRC596274;PRC596275;04/03/2026;GS521VY;TAS04378;K043-TRA;SUEZ RV Ile-de-France-OUEST-Transporteur;;PESEE-002;PORCHEVILLE;B104  .  ;Carton, CCR;810;17770;16960;0;;;90;
PRC596529;;07/03/2026;FN440JS K0E;GPSEOAUB;K0ESOTRE;SOTREMA;K047001373;DECHCONFL001;CONFLANS STE HONORINE;A100ST.  ;Déchets non recyclables en mélange Non incinérables;5740;23420;17680;0;;;0;
PRC596278;PRC596279;04/03/2026;FJ611EM K0E;KB NEANE;K0EKBNEG;KB NEGOCE;K047001589;SUEPOR001;PORCHEVILLE;A200  .  ;Déchets recyclables en mélange;2220;18580;16360;10;A101  .  ;Refus de tri à réception (requalification);0;
PRC596280;PRC596281;04/03/2026;GN964XC;SITASFLI;K043-TRA;SUEZ RV Ile-de-France-OUEST-Transporteur;;RENFLI007;AUBERGENVILLE;C200  .  ;Bois de classe B;1800;17000;15200;0;A101  .  ;Refus de tri à réception (requalification);0;
PRC596282;PRC596284;04/03/2026;GN964XC;SITASFLI;K043-TRA;SUEZ RV Ile-de-France-OUEST-Transporteur;;RENFLI005;AUBERGENVILLE;B104  .  ;Carton, CCR;3363;19523;16160;0;A101  .  ;Refus de tri à réception (requalification);177;
PRC596285;;04/03/2026;CK089AC K0E;IPRENO47;K0EIPREN;IP RENOV;K047001331;TRIPORCH001;PORCHEVILLE;G100  .  ;Gravats;480;3080;2600;0;;;0;
PRC596547;;07/03/2026;FN440JS K0E;GPSEOAUB;K0ESOTRE;SOTREMA;K047001373;DECHCONFL001;CONFLANS STE HONORINE;A100ST.  ;Déchets non recyclables en mélange Non incinérables;3220;16900;13680;0;;;0;
PRC596290;PRC596292;05/03/2026;GD116QX K0E;ECOMAPAR;K0EMAUFF;MAUFFREY;K047001565;SUEPOR001;PORCHEVILLE;A300  .  ;Encombrants et DEA;1440;14500;13060;0;;;0;
PRC596293;PRC596286;05/03/2026;HH761JP K0E;K047-CLT;K0ECOLLE;COLLECTI VERT;K047001466;K047;PORCHEVILLE;G201  .  ;Plâtre valorisable;25680;43580;17900;0;;;0;
;;;;;;;;;;;;12580;;;;;;;
PRC596530;;07/03/2026;FN440JS K0E;GPSEOAUB;K0ESOTRE;SOTREMA;K047001400;DECHCONFL001;CONFLANS STE HONORINE;B104  .  ;Carton, CCR;2944;20984;18040;0;;;256;3200
PRC596303;PRC596294;05/03/2026;GH264HA K0E;K047-CLT;K0EFRANC;FRANCK HENRY TRANSPORTS;K047000404;K047;PORCHEVILLE;A100ST.  ;Déchets non recyclables en mélange Non incinérables;20680;38860;18180;0;;;0;
;;;;;;;;;;;;2944;;;;;;;3200
PRC596165;PRC596168;04/03/2026;GZ534BG K0E;GPSEOAUB;K0ESOTRE;SOTREMA;K047001410;DECHCONFL001;CONFLANS STE HONORINE;F101  .  ;Platinages;3680;17680;14000;0;A101  .  ;Refus de tri à réception (requalification);0;
PRC596309;PRC596318;05/03/2026;GR412TA K0E;VALOOU47;K0ESOTRE;SOTREMA;K047001726;VALMAN0045;MANTES LA JOLIE;A300  .  ;Encombrants et DEA;5800;21600;15800;0;XV14  .  ;Déchets interdits à réception des déchets en mélange;0;
PRC596311;;05/03/2026;GM258BT;K043-CLT;K043-TRA;SUEZ RV Ile-de-France-OUEST-Transporteur;;;;C100  .  ;Bois de classe A;0;20180;20180;0;;;0;
PRC596312;PRC596302;05/03/2026;FY377AQ K0E;K047-CLT;K0EMAZEA;MAZEAU;K047001103;MAZSTO001;ST OUEN (93);F100  .  ;Ferrailles légères;9580;34680;25100;0;;;0;
PRC596315;PRC596317;05/03/2026;GM258BT;HOPITTRA;K043-TRA;SUEZ RV Ile-de-France-OUEST-Transporteur;;HOPTRA001;TRAPPES;A100ST.  ;Déchets non recyclables en mélange Non incinérables;3340;21180;17840;0;;;0;
PRC596316;PRC596322;05/03/2026;GN075KS;RECYDIR;K043-TRA;SUEZ RV Ile-de-France-OUEST-Transporteur;;00058896-001;POISSY;B105  .  ;Carton, CCR triés;1172;16532;15360;0;A101  .  ;Refus de tri à réception (requalification);88;
PRC596319;PRC596299;05/03/2026;EY350FM K0E;ECOMAPAR;K0EGCANT;GCATRANS;K047001566;SUEPOR001;PORCHEVILLE;A301  .  ;DEA Bois;22400;39380;16980;0;;;0;
PRC596320;PRC596301;05/03/2026;FE225NN K0E;ECOMAPAR;K0EGCANT;GCATRANS;K047001569;SUEPOR001;PORCHEVILLE;A304  .  ;DEA Rembourré;11080;28300;17220;0;;;0;
PRC596321;PRC596323;05/03/2026;DX902NE K0E;VALOES47;K0ESEPUR;SEPUR LES MUREAUX;K047001764;SYNMUR0027;LES MUREAUX;A300  .  ;Encombrants et DEA;6300;20760;14460;0;XV14  .  ;Déchets interdits à réception des déchets en mélange;0;
PRC596324;PRC596326;05/03/2026;GN075KS;NOVERUSI;K043-TRA;SUEZ RV Ile-de-France-OUEST-Transporteur;;NOVCAR001;CARRIERES SOUS POISSY;F104  .  ;E46 Ferraille d'incinération;3344;17884;14540;0;A101  .  ;Refus de tri à réception (requalification);836;
;;;;;;;;;;;;3680;;;;;;;
PRC595990;PRC595995;03/03/2026;GZ534BG K0E;GPSEOAUB;K0ESOTRE;SOTREMA;K047001595;DECHCONFL001;CONFLANS STE HONORINE;G201  .  ;Plâtre valorisable;5160;18940;13780;0;A101  .  ;Refus de tri à réception (requalification);0;
PRC596328;PRC596330;05/03/2026;GD116QX K0E;ECOMAPAR;K0EMAUFF;MAUFFREY;K047001565;SUEPOR001;PORCHEVILLE;A300  .  ;Encombrants et DEA;1440;15780;14340;0;;;0;
PRC596332;PRC596334;05/03/2026;FS710DA;BOR04378;K043-TRA;SUEZ RV Ile-de-France-OUEST-Transporteur;;PESEE-003;PORCHEVILLE;B104  .  ;Carton, CCR;342;19142;18800;0;;;38;
PRC596333;PRC596339;05/03/2026;GD436HP K0E;VALOES47;K0ESEPUR;SEPUR LES MUREAUX;K047001764;SYNMUR0027;LES MUREAUX;A300  .  ;Encombrants et DEA;6020;21100;15080;0;XV14  .  ;Déchets interdits à réception des déchets en mélange;0;
PRC596336;PRC596340;05/03/2026;SST-DA509HX;GCCLES;K043-TRA;SUEZ RV Ile-de-France-OUEST-Transporteur;;GCCLES001;LES MUREAUX;D409  .  ;PE Expansé;940;14060;13120;2;A101  .  ;Refus de tri à réception (requalification);0;
PRC596337;PRC596342;05/03/2026;GM258BT;ALPA POR;K043-TRA;SUEZ RV Ile-de-France-OUEST-Transporteur;;ACIPOR001;PORCHEVILLE;C100  .  ;Bois de classe A;4980;21140;16160;0;A101  .  ;Refus de tri à réception (requalification);0;
;;;;;;;;;;;;5160;;;;;;;
PRC595862;;01/03/2026;EB031ZC K0E;GPSEOAUB;K0ESOTRE;SOTREMA;K047001376;DECHLIM001;LIMAY;A100ST.  ;Déchets non recyclables en mélange Non incinérables;3560;17800;14240;0;;;0;
PRC595985;PRC595989;03/03/2026;EZ978DY K0E;GPSEOAUB;K0ESOTRE;SOTREMA;K047001376;DECHLIM001;LIMAY;A100ST.  ;Déchets non recyclables en mélange Non incinérables;3720;17940;14220;0;XV14  .  ;Déchets interdits à réception des déchets en mélange;0;
PRC596344;PRC596348;05/03/2026;GC010PQ K0E;VALORG47;K0EVSI;VSI;K047001653;CTREPOR001;PORCHEVILLE;B105  .  ;Carton, CCR triés;40;3240;3200;0;A101  .  ;Refus de tri à réception (requalification);0;
PRC596347;PRC596353;05/03/2026;GQ713EE;TAS04378;K043-TRA;SUEZ RV Ile-de-France-OUEST-Transporteur;;PESEE-002;PORCHEVILLE;B104  .  ;Carton, CCR;1404;19204;17800;0;;;156;
PRC596350;PRC596358;05/03/2026;FB578JE K0E;GPSEOAUB;K0ESOTRE;SOTREMA;K047001376;DECHLIM001;LIMAY;A100ST.  ;Déchets non recyclables en mélange Non incinérables;2840;16840;14000;0;XV14  .  ;Déchets interdits à réception des déchets en mélange;0;
PRC596351;PRC596349;05/03/2026;GC010PQ K0E;VALORG47;K0EVSI;VSI;K047001650;CTREPOR001;PORCHEVILLE;F100  .  ;Ferrailles légères;240;2880;2640;0;XV14  .  ;Déchets interdits à réception des déchets en mélange;0;
PRC596355;PRC596352;05/03/2026;GC010PQ K0E;VALORG47;K0EVSI;VSI;K047001650;CTREPOR001;PORCHEVILLE;F100  .  ;Ferrailles légères;700;3580;2880;0;A101  .  ;Refus de tri à réception (requalification);0;
PRC596536;;07/03/2026;EB031ZC K0E;GPSEOAUB;K0ESOTRE;SOTREMA;K047001376;DECHLIM001;LIMAY;A100ST.  ;Déchets non recyclables en mélange Non incinérables;2700;16920;14220;0;;;0;
PRC596360;PRC596368;05/03/2026;GJ754PC K0E;VALOES47;K0ESEPUR;SEPUR NANTERRE;K047001741;SYNSAI004;ST GERMAIN EN LAYE;A300  .  ;Encombrants et DEA;3280;18300;15020;0;XV14  .  ;Déchets interdits à réception des déchets en mélange;0;
PRC596361;PRC596335;05/03/2026;GC008KG K0E;K047-CLT;K0ETRAXI;TRAXION;K047000404;K047;PORCHEVILLE;A100ST.  ;Déchets non recyclables en mélange Non incinérables;15220;33980;18760;0;;;0;
PRC596362;PRC596365;05/03/2026;DY477HS;CHATEPAR;K043-TRA;SUEZ RV Ile-de-France-OUEST-Transporteur;;CHABEH001;BEHOUST;I100  .  ;Verre alimentaire;120;8480;8360;0;;;0;
PRC596366;;05/03/2026;GC010PQ K0E;VALORG47;K0EVSI;VSI;K047001653;CTREPOR001;PORCHEVILLE;B105  .  ;Carton, CCR triés;20;2640;2620;0;;;0;
PRC596367;PRC596370;05/03/2026;FQ064QE K0E;ECOMAPAR;K0ELEGOF;LE GOFF BREHALAISE DE TRANSPORTS;K047001567;SUEPOR001;PORCHEVILLE;A303  .  ;DEA Plastique;1780;15260;13480;0;;;0;
PRC596369;PRC596371;05/03/2026;EP251FJ K0E;INTEK047;K0EINTER;INTERTRANS;K047001468;INTPAN001;PANTIN;H101  .  ;Déchets verts compostables;1200;12780;11580;0;A101  .  ;Refus de tri à réception (requalification);0;
PRC596373;PRC596378;05/03/2026;GJ460QC K0E;VALOES47;K0ESEPUR;SEPUR NANTERRE;K047001741;SYNSAI004;ST GERMAIN EN LAYE;A300  .  ;Encombrants et DEA;5840;20660;14820;0;XV14  .  ;Déchets interdits à réception des déchets en mélange;0;
PRC596374;PRC596383;05/03/2026;DX902NE K0E;VALOES47;K0ESEPUR;SEPUR LES MUREAUX;K047001764;SYNMUR0027;LES MUREAUX;A300  .  ;Encombrants et DEA;4040;18480;14440;0;XV14  .  ;Déchets interdits à réception des déchets en mélange;0;
PRC596540;;07/03/2026;EB031ZC K0E;GPSEOAUB;K0ESOTRE;SOTREMA;K047001376;DECHLIM001;LIMAY;A100ST.  ;Déchets non recyclables en mélange Non incinérables;2380;15980;13600;0;;;0;
PRC596376;PRC596354;05/03/2026;GC431XK K0E;K047-CLT;K0EDENYL;DENYL TRANSPORT;K047000405;K047;PORCHEVILLE;C200  .  ;Bois de classe B;17580;35800;18220;0;;;0;
PRC596379;;05/03/2026;GM258BT;ETANCAUB;K043-TRA;SUEZ RV Ile-de-France-OUEST-Transporteur;;ETAAUB002;AUBERGENVILLE;C100  .  ;Bois de classe A;2380;17480;15100;0;;;0;
PRC596380;;05/03/2026;GR412TA K0E;VALOOU47;K0ESOTRE;SOTREMA;K047001726;VALMAN0045;MANTES LA JOLIE;A300  .  ;Encombrants et DEA;2160;18140;15980;0;;;0;
;;;;;;;;;;;;15200;;;;;;;
PRC595861;;01/03/2026;EB031ZC K0E;GPSEOAUB;K0ESOTRE;SOTREMA;K047001403;DECHLIM001;LIMAY;B104  .  ;Carton, CCR;662;15442;14780;0;;;58;720
PRC596385;PRC596357;05/03/2026;GW591HW K0E;K047-CLT;K0ECOLLE;COLLECTI VERT;K047000453;K047;PORCHEVILLE;H101  .  ;Déchets verts compostables;16760;35020;18260;0;;;0;
PRC596386;;05/03/2026;GC010PQ K0E;VALORG47;K0EVSI;VSI;K047001659;CTREPOR001;PORCHEVILLE;D700  .  ;Autres plastiques techniques;20;2960;2940;0;;;0;
PRC596387;PRC596392;05/03/2026;SST-DA509HX;ECOMAPAR;K043-TRA;SUEZ RV Ile-de-France-OUEST-Transporteur;;DECHETDAUB09;AUBERGENVILLE;A300  .  ;Encombrants et DEA;2280;15900;13620;0;A101  .  ;Refus de tri à réception (requalification);0;
PRC596388;;05/03/2026;DX902NE K0E;VALOOU47;K0ESEPUR;SEPUR LES MUREAUX;K047001726;VALMAN0045;MANTES LA JOLIE;A300  .  ;Encombrants et DEA;3860;18960;15100;0;;;0;
PRC596389;;05/03/2026;GC010PQ K0E;VALORG47;K0EVSI;VSI;K047001653;CTREPOR001;PORCHEVILLE;B105  .  ;Carton, CCR triés;20;3160;3140;0;;;0;
PRC596391;;05/03/2026;GM258BT;ABOCOGUE;K043-TRA;SUEZ RV Ile-de-France-OUEST-Transporteur;;ABOGUE001;GUERVILLE (78);B104  .  ;Carton, CCR;5527;20367;14840;0;;;353;
PRC596412;PRC596413;06/03/2026;EZ978DY K0E;GPSEOAUB;K0ESOTRE;SOTREMA;K047001403;DECHLIM001;LIMAY;B104  .  ;Carton, CCR;508;14628;14120;0;A101  .  ;Refus de tri à réception (requalification);32;540
PRC596396;;05/03/2026;GC010PQ K0E;VALORG47;K0EVSI;VSI;K047001658;CTREPOR001;PORCHEVILLE;I201  .  ;VHU, pare-brise;140;3100;2960;0;;;0;
PRC596397;PRC596394;05/03/2026;GC008KG K0E;K047-CLT;K0ETRAXI;TRAXION;K047000404;K047;PORCHEVILLE;A100ST.  ;Déchets non recyclables en mélange Non incinérables;16780;35640;18860;0;;;0;
PRC596398;PRC596400;05/03/2026;SST-DA509HX;ECOMAPAR;K043-TRA;SUEZ RV Ile-de-France-OUEST-Transporteur;;DECHETCLOS03;MANTES LA JOLIE;A300  .  ;Encombrants et DEA;3060;16300;13240;0;A101  .  ;Refus de tri à réception (requalification);0;
PRC596399;PRC596401;05/03/2026;DY477HS;ALPA POR;K043-TRA;SUEZ RV Ile-de-France-OUEST-Transporteur;;ACIPOR001;PORCHEVILLE;C100  .  ;Bois de classe A;3280;11500;8220;0;A101  .  ;Refus de tri à réception (requalification);0;
PRC596404;PRC596407;05/03/2026;GN153WY;BALLAPAR;K043-TRA;SUEZ RV Ile-de-France-OUEST-Transporteur;;BALMAN001;MANTES LA VILLE;C100  .  ;Bois de classe A;2320;16460;14140;0;A101  .  ;Refus de tri à réception (requalification);0;
PRC596405;PRC596406;05/03/2026;SST-DA509HX;ECOMAPAR;K043-TRA;SUEZ RV Ile-de-France-OUEST-Transporteur;;DECHETVAUCO6;MANTES LA VILLE;A300  .  ;Encombrants et DEA;3180;16780;13600;0;A101  .  ;Refus de tri à réception (requalification);0;
PRC596550;;08/03/2026;FD904PJ K0E;GPSEOAUB;K0ESOTRE;SOTREMA;K047001403;DECHLIM001;LIMAY;B104  .  ;Carton, CCR;607;15327;14720;0;;;53;660
;;;;;;;;;;;;1777;;;;;;;1920
PRC596027;PRC596031;03/03/2026;EZ978DY K0E;GPSEOAUB;K0ESOTRE;SOTREMA;K047001413;DECHLIM001;LIMAY;F101  .  ;Platinages;2380;16600;14220;0;A101  .  ;Refus de tri à réception (requalification);0;
PRC596408;PRC596408;06/03/2026;HH601VC K0E;REVIV782;K0ETARDE;TARDET LOC SARL;K047001500;REVBAZ003;LIMAY;F100  .  ;Ferrailles légères;11020;33080;22060;0;;;0;
;;;;;;;;;;;;2380;;;;;;;
PRC595860;;01/03/2026;EB031ZC K0E;GPSEOAUB;K0ESOTRE;SOTREMA;K047001393;DECHLIM001;LIMAY;H101  .  ;Déchets verts compostables;2320;16740;14420;0;;;0;
PRC595939;PRC595944;02/03/2026;FB578JE K0E;GPSEOAUB;K0ESOTRE;SOTREMA;K047001393;DECHLIM001;LIMAY;H101  .  ;Déchets verts compostables;2640;16700;14060;0;A101  .  ;Refus de tri à réception (requalification);0;
PRC596415;PRC596417;06/03/2026;GD733RN K0E;ECOMAPAR;K0EMAUFF;MAUFFREY;K047001565;SUEPOR001;PORCHEVILLE;A300  .  ;Encombrants et DEA;780;14980;14200;0;;;0;
PRC596416;PRC596418;06/03/2026;GD116QX K0E;ECOMAPAR;K0EMAUFF;MAUFFREY;K047001565;SUEPOR001;PORCHEVILLE;A300  .  ;Encombrants et DEA;1340;15640;14300;0;;;0;
PRC595997;PRC596013;03/03/2026;EZ978DY K0E;GPSEOAUB;K0ESOTRE;SOTREMA;K047001393;DECHLIM001;LIMAY;H101  .  ;Déchets verts compostables;2840;16620;13780;0;A101  .  ;Refus de tri à réception (requalification);0;
PRC596421;PRC596425;06/03/2026;FS710DA;BOR04378;K043-TRA;SUEZ RV Ile-de-France-OUEST-Transporteur;;PESEE-003;PORCHEVILLE;B104  .  ;Carton, CCR;632;19452;18820;0;;;48;
PRC596422;PRC596411;06/03/2026;GC008KG K0E;VALOES47;K0ETRAXI;TRAXION;K047001519;K047;PORCHEVILLE;A100IN.  ;Déchets non recyclables en mélange incinérables;16800;35560;18760;0;;;0;
PRC596356;PRC596363;05/03/2026;EZ978DY K0E;GPSEOAUB;K0ESOTRE;SOTREMA;K047001393;DECHLIM001;LIMAY;H101  .  ;Déchets verts compostables;3680;17580;13900;0;A101  .  ;Refus de tri à réception (requalification);0;
PRC596375;PRC596382;05/03/2026;FB578JE K0E;GPSEOAUB;K0ESOTRE;SOTREMA;K047001393;DECHLIM001;LIMAY;H101  .  ;Déchets verts compostables;2960;16500;13540;0;A101  .  ;Refus de tri à réception (requalification);0;
PRC596429;PRC596432;06/03/2026;BX530HV K0E;EXCELDEM;K0EEXCEL;EXCELDEM;K047001035;SUEPOR001;PORCHEVILLE;B105  .  ;Carton, CCR triés;100;3380;3280;0;A101  .  ;Refus de tri à réception (requalification);0;
PRC596433;PRC596434;06/03/2026;BX530HV K0E;EXCELDEM;K0EEXCEL;EXCELDEM;K047001036;SUEPOR001;PORCHEVILLE;B206  .  ;Ecrits couleurs;100;3280;3180;0;A101  .  ;Refus de tri à réception (requalification);0;
PRC596435;PRC596414;06/03/2026;GN028LX K0E;K047-CLT;K0EFRANC;FRANCK HENRY TRANSPORTS;K047000404;K047;PORCHEVILLE;A100ST.  ;Déchets non recyclables en mélange Non incinérables;17320;35600;18280;0;;;0;
PRC596437;PRC596423;06/03/2026;GH264HA K0E;K047-CLT;K0EFRANC;FRANCK HENRY TRANSPORTS;K047000404;K047;PORCHEVILLE;A100ST.  ;Déchets non recyclables en mélange Non incinérables;20460;38800;18340;0;;;0;
PRC596538;;07/03/2026;EB031ZC K0E;GPSEOAUB;K0ESOTRE;SOTREMA;K047001393;DECHLIM001;LIMAY;H101  .  ;Déchets verts compostables;3080;16680;13600;0;;;0;
PRC596440;PRC596443;06/03/2026;DX902NE K0E;VALOOU47;K0ESEPUR;SEPUR LES MUREAUX;K047001716;VALGUE0035;GUERVILLE (78);A300  .  ;Encombrants et DEA;2840;17440;14600;0;XV14  .  ;Déchets interdits à réception des déchets en mélange;0;
PRC596441;PRC596444;06/03/2026;GD116QX K0E;ECOMAPAR;K0EMAUFF;MAUFFREY;K047001565;SUEPOR001;PORCHEVILLE;A300  .  ;Encombrants et DEA;2660;16380;13720;0;;;0;
PRC596445;PRC596447;06/03/2026;GN964XC;ENVIRPOI;K043-TRA;SUEZ RV Ile-de-France-OUEST-Transporteur;;ENVPOI001;POISSY;C100  .  ;Bois de classe A;1320;17100;15780;0;A101  .  ;Refus de tri à réception (requalification);0;
PRC596446;PRC596428;06/03/2026;FE225NN K0E;ECOMAPAR;K0EGCANT;GCATRANS;K047001569;SUEPOR001;PORCHEVILLE;A304  .  ;DEA Rembourré;10260;27380;17120;0;;;0;
PRC596449;PRC596438;06/03/2026;GM434XV K0E;K047-CLT;K0EMAZEA;MAZEAU;K047001103;MAZSTO001;ST OUEN (93);F100  .  ;Ferrailles légères;12880;34920;22040;0;;;0;
PRC596452;;06/03/2026;SST-DA509HX;OPTIOORG;K043-TRA;SUEZ RV Ile-de-France-OUEST-Transporteur;;OPTILES005;LES MUREAUX;D400  .  ;PEBD;229;13349;13120;0;;;31;
PRC596453;PRC596457;06/03/2026;GD733RN K0E;ECOMAPAR;K0EMAUFF;MAUFFREY;K047001565;SUEPOR001;PORCHEVILLE;A300  .  ;Encombrants et DEA;1120;15060;13940;0;;;0;
PRC596454;PRC596448;06/03/2026;HG298QH K0E;K047-CLT;K0ETHG;THG TRANSPORT;K047000412;K047;PORCHEVILLE;I201  .  ;VHU, pare-brise;24580;39640;15060;0;;;0;
PRC596556;;08/03/2026;EN739KS K0E;GPSEOAUB;K0ESOTRE;SOTREMA;K047001393;DECHLIM001;LIMAY;H101  .  ;Déchets verts compostables;3520;17160;13640;0;;;0;
PRC596557;;08/03/2026;EN739KS K0E;GPSEOAUB;K0ESOTRE;SOTREMA;K047001393;DECHLIM001;LIMAY;H101  .  ;Déchets verts compostables;3600;17240;13640;0;;;0;
PRC596463;PRC596467;06/03/2026;GN153WY;BARRYCAM;K043-TRA;SUEZ RV Ile-de-France-OUEST-Transporteur;;BARHAR001;HARDRICOURT;A100IN.  ;Déchets non recyclables en mélange incinérables;3700;20820;17120;0;;;0;
PRC596465;PRC596450;06/03/2026;GH977BE K0E;K047-CLT;K0EDENYL;DENYL TRANSPORT;K047000405;K047;PORCHEVILLE;C200  .  ;Bois de classe B;17720;36120;18400;0;;;0;
;;;;;;;;;;;;24640;;;;;;;
PRC596185;PRC596191;04/03/2026;EZ978DY K0E;GPSEOAUB;K0ESOTRE;SOTREMA;K047001378;DECHMAN001;MANTES LA VILLE;A100ST.  ;Déchets non recyclables en mélange Non incinérables;3280;17120;13840;0;XV14  .  ;Déchets interdits à réception des déchets en mélange;0;
PRC596470;PRC596472;06/03/2026;GD116QX K0E;ECOMAPAR;K0EMAUFF;MAUFFREY;K047001565;SUEPOR001;PORCHEVILLE;A300  .  ;Encombrants et DEA;1140;15160;14020;0;;;0;
PRC596338;PRC596343;05/03/2026;EZ978DY K0E;GPSEOAUB;K0ESOTRE;SOTREMA;K047001378;DECHMAN001;MANTES LA VILLE;A100ST.  ;Déchets non recyclables en mélange Non incinérables;3180;16820;13640;0;XV14  .  ;Déchets interdits à réception des déchets en mélange;0;
PRC596474;PRC596456;06/03/2026;GV332RF K0E;K047-CLT;K0ETHS;THS;K047000517;SITNAN001;NANTERRE CEDEX;B105  .  ;Carton, CCR triés;27540;42220;14680;0;;;0;
PRC596480;PRC596485;06/03/2026;GS521VY;TAS04378;K043-TRA;SUEZ RV Ile-de-France-OUEST-Transporteur;;PESEE-002;PORCHEVILLE;B104  .  ;Carton, CCR;833;17773;16940;0;;;147;
PRC596481;;06/03/2026;GC010PQ K0E;VALORG47;K0EVSI;VSI;K047001650;CTREPOR001;PORCHEVILLE;F100  .  ;Ferrailles légères;20;3380;3360;0;;;0;
PRC596427;PRC596431;06/03/2026;EZ978DY K0E;GPSEOAUB;K0ESOTRE;SOTREMA;K047001378;DECHMAN001;MANTES LA VILLE;A100ST.  ;Déchets non recyclables en mélange Non incinérables;4000;17840;13840;0;XV14  .  ;Déchets interdits à réception des déchets en mélange;0;
PRC596484;PRC596488;06/03/2026;GC010PQ K0E;VALORG47;K0EVSI;VSI;K047001653;CTREPOR001;PORCHEVILLE;B105  .  ;Carton, CCR triés;40;3360;3320;0;A101  .  ;Refus de tri à réception (requalification);0;
PRC596486;PRC596451;06/03/2026;GC008KG K0E;K047-CLT;K0ETRAXI;TRAXION;K047000404;K047;PORCHEVILLE;A100ST.  ;Déchets non recyclables en mélange Non incinérables;18580;37280;18700;0;;;0;
PRC596489;;06/03/2026;GC010PQ K0E;VALORG47;K0EVSI;VSI;K047001659;CTREPOR001;PORCHEVILLE;D700  .  ;Autres plastiques techniques;60;2860;2800;0;;;0;
PRC596491;;06/03/2026;GC010PQ K0E;VALORG47;K0EVSI;VSI;K047001650;CTREPOR001;PORCHEVILLE;F100  .  ;Ferrailles légères;0;3360;3360;0;;;0;
PRC596493;;06/03/2026;GC010PQ K0E;VALORG47;K0EVSI;VSI;K047001658;CTREPOR001;PORCHEVILLE;I201  .  ;VHU, pare-brise;160;3320;3160;0;;;0;
;;;;;;;;;;;;10460;;;;;;;
PRC596158;PRC596161;04/03/2026;EZ978DY K0E;GPSEOAUB;K0ESOTRE;SOTREMA;K047001405;DECHMAN001;MANTES LA VILLE;B104  .  ;Carton, CCR;608;15488;14880;0;A101  .  ;Refus de tri à réception (requalification);32;640
PRC596523;PRC596525;06/03/2026;FG254YJ K0E;GPSEOAUB;K0ESOTRE;SOTREMA;K047001405;DECHMAN001;MANTES LA VILLE;B104  .  ;Carton, CCR;627;15267;14640;0;A101  .  ;Refus de tri à réception (requalification);33;660
PRC596497;;06/03/2026;GN075KS;BARRYCAM;K043-TRA;SUEZ RV Ile-de-France-OUEST-Transporteur;;BARHAR001;HARDRICOURT;B104  .  ;Carton, CCR;2124;17244;15120;3;A101  .  ;Refus de tri à réception (requalification);136;
;;;;;;;;;;;;1235;;;;;;;1300
PRC596171;PRC596173;04/03/2026;EZ978DY K0E;GPSEOAUB;K0ESOTRE;SOTREMA;K047001415;DECHMAN001;MANTES LA VILLE;F101  .  ;Platinages;2560;16780;14220;0;;;0;
PRC596501;PRC596502;06/03/2026;GN075KS;RESAHMAN;K043-TRA;SUEZ RV Ile-de-France-OUEST-Transporteur;;HOSQUE001;MANTES LA JOLIE;A100ST.  ;Déchets non recyclables en mélange Non incinérables;6820;24620;17800;0;;;0;
PRC596503;PRC596499;06/03/2026;BM434XV K0E;K047-CLT;K0EMAZEA;MAZEAU;K047001103;MAZSTO001;ST OUEN (93);F100  .  ;Ferrailles légères;12200;34200;22000;0;;;0;
;;;;;;;;;;;;2560;;;;;;;
PRC596409;PRC596410;06/03/2026;EZ978DY K0E;GPSEOAUB;K0ESOTRE;SOTREMA;K047001584;DECHMAN001;MANTES LA VILLE;G201  .  ;Plâtre valorisable;3040;16720;13680;0;A101  .  ;Refus de tri à réception (requalification);0;
;;;;;;;;;;;;3040;;;;;;;
PRC596196;PRC596197;04/03/2026;EZ978DY K0E;GPSEOAUB;K0ESOTRE;SOTREMA;K047001395;DECHMAN001;MANTES LA VILLE;H101  .  ;Déchets verts compostables;2380;16060;13680;0;A101  .  ;Refus de tri à réception (requalification);0;
PRC596506;PRC596509;06/03/2026;GN153WY;NOVERUSI;K043-TRA;SUEZ RV Ile-de-France-OUEST-Transporteur;;NOVCAR001;CARRIERES SOUS POISSY;F104  .  ;E46 Ferraille d'incinération;3248;17728;14480;0;A101  .  ;Refus de tri à réception (requalification);812;
PRC596512;PRC596515;06/03/2026;BG144WZ K0E;ECOMAPAR;K0ERECYC;RECYCLERIE SOLIDAIRE;K047001565;SUEPOR001;PORCHEVILLE;A300  .  ;Encombrants et DEA;340;2320;1980;0;;;0;
PRC596526;;06/03/2026;EB031ZC K0E;GPSEOAUB;K0ESOTRE;SOTREMA;K047001395;DECHMAN001;MANTES LA VILLE;H101  .  ;Déchets verts compostables;2440;16160;13720;0;;;0;
PRC596520;PRC596522;06/03/2026;SST-DA509HX;ECOMAPAR;K043-TRA;SUEZ RV Ile-de-France-OUEST-Transporteur;;DECHETLIM02;LIMAY;A300  .  ;Encombrants et DEA;2680;16240;13560;0;A101  .  ;Refus de tri à réception (requalification);0;
PRC596439;PRC596442;06/03/2026;EZ978DY K0E;GPSEOAUB;K0ESOTRE;SOTREMA;K047001395;DECHMAN001;MANTES LA VILLE;H101  .  ;Déchets verts compostables;2000;15660;13660;0;A101  .  ;Refus de tri à réception (requalification);0;
PRC596544;;07/03/2026;EB031ZC K0E;GPSEOAUB;K0ESOTRE;SOTREMA;K047001395;DECHMAN001;MANTES LA VILLE;H101  .  ;Déchets verts compostables;2720;16380;13660;0;;;0;
;;;;;;;;;;;;9540;;;;;;;
PRC596155;;03/03/2026;FD904PJ K0E;GPSEOAUB;K0ESOTRE;SOTREMA;K047001379;DECHMUR001;LES MUREAUX;A100ST.  ;Déchets non recyclables en mélange Non incinérables;4240;17860;13620;0;;;0;
PRC596266;;04/03/2026;FD904PJ K0E;GPSEOAUB;K0ESOTRE;SOTREMA;K047001379;DECHMUR001;LES MUREAUX;A100ST.  ;Déchets non recyclables en mélange Non incinérables;4200;18000;13800;0;;;0;
PRC596531;;07/03/2026;GN075KS;RESAHBE;K043-TRA;SUEZ RV Ile-de-France-OUEST-Transporteur;;HOSMUR001;LES MUREAUX;B104  .  ;Carton, CCR;386;14286;13900;0;;;34;
PRC596269;;04/03/2026;FD904PJ K0E;GPSEOAUB;K0ESOTRE;SOTREMA;K047001379;DECHMUR001;LES MUREAUX;A100ST.  ;Déchets non recyclables en mélange Non incinérables;4240;17860;13620;0;;;0;
PRC596533;;07/03/2026;GN075KS;ECOMAPAR;K043-TRA;SUEZ RV Ile-de-France-OUEST-Transporteur;;DECHETCLOS03;MANTES LA JOLIE;A300  .  ;Encombrants et DEA;2860;18180;15320;0;;;0;
PRC596494;;06/03/2026;FD904PJ K0E;GPSEOAUB;K0ESOTRE;SOTREMA;K047001379;DECHMUR001;LES MUREAUX;A100ST.  ;Déchets non recyclables en mélange Non incinérables;2880;16360;13480;0;;;0;
;;;;;;;;;;;;15560;;;;;;;
PRC596200;PRC596205;04/03/2026;GX651JT K0E;GPSEOAUB;K0ESOTRE;SOTREMA;K047001406;DECHMUR001;LES MUREAUX;B104  .  ;Carton, CCR;551;14311;13760;0;A101  .  ;Refus de tri à réception (requalification);29;580
PRC596537;;07/03/2026;GN075KS;ECOMAPAR;K043-TRA;SUEZ RV Ile-de-France-OUEST-Transporteur;;DECHETVAUCO6;MANTES LA VILLE;A300  .  ;Encombrants et DEA;2620;17580;14960;0;;;0;
;;;;;;;;;;;;551;;;;;;;580
PRC596460;PRC596462;06/03/2026;FG254YJ K0E;GPSEOAUB;K0ESOTRE;SOTREMA;K047001416;DECHMUR001;LES MUREAUX;F101  .  ;Platinages;5280;18780;13500;0;A101  .  ;Refus de tri à réception (requalification);0;
;;;;;;;;;;;;5280;;;;;;;
PRC596211;PRC596219;04/03/2026;EZ978DY K0E;GPSEOAUB;K0ESOTRE;SOTREMA;K047001426;DECHMUR001;LES MUREAUX;G201  .  ;Plâtre valorisable;2920;16600;13680;0;A101  .  ;Refus de tri à réception (requalification);0;
;;;;;;;;;;;;2920;;;;;;;
PRC595994;;02/03/2026;FG254YJ K0E;GPSEOAUB;K0ESOTRE;SOTREMA;K047001380;DECHORGE001;ORGEVAL (78);A100ST.  ;Déchets non recyclables en mélange Non incinérables;4320;17700;13380;0;;;0;
PRC596541;;07/03/2026;GN075KS;ECOMAPAR;K043-TRA;SUEZ RV Ile-de-France-OUEST-Transporteur;;DECHETDAUB09;AUBERGENVILLE;A300  .  ;Encombrants et DEA;2100;17400;15300;0;;;0;
PRC595952;PRC595960;02/03/2026;FG254YJ K0E;GPSEOAUB;K0ESOTRE;SOTREMA;K047001380;DECHORGE001;ORGEVAL (78);A100ST.  ;Déchets non recyclables en mélange Non incinérables;5340;23240;17900;0;XV14  .  ;Déchets interdits à réception des déchets en mélange;0;
PRC596543;;07/03/2026;GC146RP K0E;ECOMAPAR;K0EMAUFF;MAUFFREY;K047001565;SUEPOR001;PORCHEVILLE;A300  .  ;Encombrants et DEA;2360;18140;15780;0;;;0;
PRC595891;PRC595896;02/03/2026;EZ978DY K0E;GPSEOAUB;K0ESOTRE;SOTREMA;K047001377;DECMAJ001;MANTES LA JOLIE;A100ST.  ;Déchets non recyclables en mélange Non incinérables;3300;17000;13700;0;XV14  .  ;Déchets interdits à réception des déchets en mélange;0;
PRC596545;;07/03/2026;GN075KS;ENVIRPOI;K043-TRA;SUEZ RV Ile-de-France-OUEST-Transporteur;;ENVPOI001;POISSY;F100  .  ;Ferrailles légères;980;14880;13900;0;;;0;
PRC596058;PRC596064;03/03/2026;EZ978DY K0E;GPSEOAUB;K0ESOTRE;SOTREMA;K047001377;DECMAJ001;MANTES LA JOLIE;A100ST.  ;Déchets non recyclables en mélange Non incinérables;4140;17800;13660;0;XV14  .  ;Déchets interdits à réception des déchets en mélange;0;
PRC596308;PRC596313;05/03/2026;EZ978DY K0E;GPSEOAUB;K0ESOTRE;SOTREMA;K047001377;DECMAJ001;MANTES LA JOLIE;A100ST.  ;Déchets non recyclables en mélange Non incinérables;2820;16560;13740;0;XV14  .  ;Déchets interdits à réception des déchets en mélange;0;
PRC596461;PRC596464;06/03/2026;EZ978DY K0E;GPSEOAUB;K0ESOTRE;SOTREMA;K047001377;DECMAJ001;MANTES LA JOLIE;A100ST.  ;Déchets non recyclables en mélange Non incinérables;3400;17060;13660;0;XV14  .  ;Déchets interdits à réception des déchets en mélange;0;
PRC596528;;07/03/2026;EB031ZC K0E;GPSEOAUB;K0ESOTRE;SOTREMA;K047001377;DECMAJ001;MANTES LA JOLIE;A100ST.  ;Déchets non recyclables en mélange Non incinérables;2660;16420;13760;0;;;0;
;;;;;;;;;;;;25980;;;;;;;
PRC595876;PRC595878;02/03/2026;EZ978DY K0E;GPSEOAUB;K0ESOTRE;SOTREMA;K047001404;DECMAJ001;MANTES LA JOLIE;B104  .  ;Carton, CCR;545;14945;14400;0;A101  .  ;Refus de tri à réception (requalification);35;580
PRC596296;PRC596300;05/03/2026;EZ978DY K0E;GPSEOAUB;K0ESOTRE;SOTREMA;K047001404;DECMAJ001;MANTES LA JOLIE;B104  .  ;Carton, CCR;508;14928;14420;0;A101  .  ;Refus de tri à réception (requalification);32;540
;;;;;;;;;;;;1053;;;;;;;1120
PRC595957;;02/03/2026;EB031ZC K0E;GPSEOAUB;K0ESOTRE;SOTREMA;K047001414;DECMAJ001;MANTES LA JOLIE;F101  .  ;Platinages;2500;16140;13640;0;;;0;
PRC596495;;06/03/2026;EB031ZC K0E;GPSEOAUB;K0ESOTRE;SOTREMA;K047001414;DECMAJ001;MANTES LA JOLIE;F101  .  ;Platinages;2140;15740;13600;0;;;0;
;;;;;;;;;;;;4640;;;;;;;
PRC596230;PRC596233;04/03/2026;EZ978DY K0E;GPSEOAUB;K0ESOTRE;SOTREMA;K047001394;DECMAJ001;MANTES LA JOLIE;H101  .  ;Déchets verts compostables;3400;17120;13720;0;A101  .  ;Refus de tri à réception (requalification);0;
PRC596265;;04/03/2026;EB031ZC K0E;GPSEOAUB;K0ESOTRE;SOTREMA;K047001394;DECMAJ001;MANTES LA JOLIE;H101  .  ;Déchets verts compostables;4300;18000;13700;0;;;0;
PRC596327;PRC596331;05/03/2026;EZ978DY K0E;GPSEOAUB;K0ESOTRE;SOTREMA;K047001394;DECMAJ001;MANTES LA JOLIE;H101  .  ;Déchets verts compostables;4960;18680;13720;0;A101  .  ;Refus de tri à réception (requalification);0;
PRC596393;PRC596395;05/03/2026;EZ978DY K0E;GPSEOAUB;K0ESOTRE;SOTREMA;K047001394;DECMAJ001;MANTES LA JOLIE;H101  .  ;Déchets verts compostables;3960;17620;13660;0;A101  .  ;Refus de tri à réception (requalification);0;
;;;;;;;;;;;;16620;;;;;;;
